sitename,electrificationpolename,kilometer,kilolon,kilolat,
興津駅,本１,163462,138.52914,35.057319,163460
興津駅,本２,163502,138.52877,35.057127,163500
興津駅,本３,163541,138.5284,35.056935,163540
興津駅,本４,163573,138.528075,35.056766,163575
興津駅,本５,163603,138.527795,35.056625,163605
興津駅,本６,163642,138.52747,35.056454,163640
興津駅,本７,163692,138.52702,35.056199,163690
興津駅,本８,163732,138.52667,35.055986,163730
興津駅,本９,163771,138.526325,35.055763,163770
興津駅,本１０,163811,138.525985,35.055534,163810
興津駅,本１１,163862,138.52557,35.055238,163860
興津駅,本１２,163913,138.52512,35.054906,163915
興津駅,止１,163942,138.52491,35.054759,163940
興津駅,本１３,163964,138.524708,35.054611,163965
興津駅,本１４,164015,138.5243,35.054313,164015
興津駅,本１５,164066,138.52389,35.054016,164065
興津駅,特１,164112,138.52352,35.053748,164110
興津駅,本１６,164117,138.52348,35.053718,164115
興津駅,曲１,164142,138.52327,35.053568,164140
興津駅,注３－１,164158,138.52311,35.053449,164160
興津駅,本１７,164168,138.523025,35.05339,164170
興津駅,曲２,164185,138.5229,35.0533,164185
興津駅,本１８,164220,138.52262,35.053091,164220
興津駅,本１９,164271,138.522205,35.052792,164270
興津駅,本２０,164321,138.52179,35.052493,164320
興津駅,本２１,164372,138.52138,35.052193,164370
興津駅,本２２,164421,138.52097,35.051893,164420
興津駅,曲３,164438,138.52081,35.051774,164440
興津駅,本２３,164461,138.52064,35.051654,164460
興津駅,曲４,164491,138.520395,35.051472,164490
興津駅,本２４,164501,138.52031,35.05141,164500
興津駅,止４,164516,138.52019,35.05132,164515
興津駅,本２５,164551,138.519905,35.051115,164550
興津駅,本２６,164603,138.51945,35.050784,164605
興津駅,本２７,164653,138.51904,35.050486,164655
興津駅,本２８,164704,138.51863,35.050187,164705
興津駅,本２９,164754,138.51822,35.049887,164755
興津～清水,本１,164806,138.51781,35.049587,164805
興津～清水,本１－１,164857,138.5174,35.049288,164855
興津～清水,本２,164907,138.516988,35.048988,164905
興津～清水,本３,164959,138.51654,35.048659,164960
興津～清水,本４,165009,138.516125,35.048361,165010
興津～清水,本５,165049,138.515795,35.048123,165050
興津～清水,本６,165075,138.515583,35.047979,165075
興津～清水,本７,165100,138.51536,35.047843,165100
興津～清水,本８,165127,138.515133,35.047719,165125
興津～清水,本９,165157,138.514848,35.047585,165155
興津～清水,本１０,165189,138.5145,35.047452,165190
興津～清水,本１１,165220,138.51419,35.047357,165220
興津～清水,本１２,165251,138.513875,35.047286,165250
興津～清水,本１３,165279,138.51356,35.04723,165280
興津～清水,本１４,165308,138.51323,35.047196,165310
興津～清水,本１５,165349,138.512795,35.047167,165350
興津～清水,本１６,165394,138.512305,35.04714,165395
興津～清水,本１７,165444,138.511755,35.04711,165445
興津～清水,本１８,165494,138.511205,35.047075,165495
興津～清水,本１９,165545,138.510665,35.047027,165545
興津～清水,本２０,165594,138.510115,35.046985,165595
興津～清水,本２１,165645,138.509568,35.046938,165645
興津～清水,本２２,165695,138.509025,35.046891,165695
興津～清水,本２３,165743,138.508475,35.046843,165745
興津～清水,本２４,165784,138.508045,35.046798,165785
興津～清水,本２５,165816,138.507715,35.046751,165815
興津～清水,本２６,165846,138.507398,35.046687,165845
興津～清水,本２７,165876,138.507083,35.046601,165875
興津～清水,本２８,165907,138.50678,35.046497,165905
興津～清水,本２９,165937,138.506488,35.046376,165935
興津～清水,本３０,165967,138.506205,35.046237,165965
興津～清水,本３１,165997,138.505943,35.046082,165995
興津～清水,本３２,166029,138.50565,35.04588,166030
興津～清水,本３３,166067,138.505383,35.045661,166065
興津～清水,本３４,166109,138.505045,35.045364,166110
興津～清水,本３５,166158,138.50468,35.045028,166160
興津～清水,本３６,166198,138.50439,35.044758,166200
興津～清水,注１,166203,138.504353,35.044725,166205
興津～清水,注２,166211,138.504315,35.044691,166210
興津～清水,注１－１,166215,138.504278,35.044658,166215
興津～清水,本３６－１,166231,138.504165,35.044557,166230
興津～清水,本３７－１,166249,138.504015,35.044422,166250
興津～清水,本３７,166262,138.50394,35.044355,166260
興津～清水,本３８,166296,138.503688,35.044119,166295
興津～清水,本３９,166347,138.503315,35.04378,166345
興津～清水,注３,166352,138.50328,35.043747,166350
興津～清水,注４,166352,138.50328,35.043747,166350
興津～清水,注３－１,166364,138.503173,35.043645,166365
興津～清水,本３９－１,166385,138.503023,35.04351,166385
興津～清水,本４０,166425,138.502725,35.04324,166425
興津～清水,本４１,166464,138.502433,35.04297,166465
興津～清水,本４２,166500,138.50218,35.042734,166500
興津～清水,特１,166529,138.501955,35.042533,166530
興津～清水,特１－１,166535,138.501918,35.042499,166535
興津～清水,本４３,166549,138.50181,35.042398,166550
興津～清水,新本４３,166551,138.50181,35.042398,166550
興津～清水,本４４,166601,138.50144,35.042062,166600
興津～清水,本４５,166651,138.501075,35.041727,166650
興津～清水,本４６,166695,138.500748,35.041424,166695
興津～清水,注６,166698,138.50071,35.04139,166700
興津～清水,注５,166713,138.500598,35.04129,166715
興津～清水,本４７,166747,138.500383,35.041086,166745
興津～清水,本４８,166797,138.500015,35.040752,166795
興津～清水,本４９,166845,138.499645,35.040416,166845
興津～清水,本５０,166893,138.499285,35.04008,166895
興津～清水,本５１,166941,138.49895,35.039777,166940
興津～清水,本５２,166988,138.498585,35.03944,166990
興津～清水,本５３,167031,138.498295,35.039174,167030
興津～清水,新本５４,167083,138.497885,35.038798,167085
興津～清水,本５５,167126,138.497593,35.038534,167125
興津～清水,本５６,167166,138.497303,35.038265,167165
興津～清水,本５６－１,167206,138.497005,35.037996,167205
興津～清水,本５７,167246,138.496713,35.037724,167245
興津～清水,本５８,167292,138.49638,35.037419,167290
興津～清水,本５９,167344,138.495983,35.037052,167345
興津～清水,本６０,167392,138.495655,35.036753,167390
興津～清水,本６１,167442,138.49529,35.036418,167440
興津～清水,本６２,167483,138.494963,35.036116,167485
興津～清水,本６３,167523,138.494665,35.03584,167525
興津～清水,本６４,167563,138.494385,35.03556,167565
興津～清水,本６５,167602,138.49415,35.035306,167600
興津～清水,本６６,167651,138.493825,35.034925,167650
興津～清水,本６７,167702,138.49352,35.034552,167700
興津～清水,注９,167720,138.4934,35.034402,167720
興津～清水,注８－１,167733,138.49331,35.03429,167735
興津～清水,注９－１,167735,138.49331,35.03429,167735
興津～清水,新本６７－１,167750,138.493225,35.034177,167750
興津～清水,本６８,167793,138.49296,35.033842,167795
興津～清水,本６９,167842,138.49269,35.03349,167840
興津～清水,本７０,167890,138.49239,35.033119,167890
興津～清水,注１１,167931,138.49216,35.032815,167930
興津～清水,本７１,167942,138.4921,35.032738,167940
興津～清水,本７２,167990,138.4918,35.032357,167990
興津～清水,本７３,168043,138.49147,35.031941,168045
興津～清水,本７４,168096,138.49118,35.031563,168095
興津～清水,注１３,168106,138.49112,35.031487,168105
興津～清水,注１２－１,168122,138.49103,35.031373,168120
興津～清水,注１３－１,168122,138.49103,35.031373,168120
興津～清水,本７５,168144,138.49088,35.031183,168145
興津～清水,本７６,168183,138.490653,35.030875,168185
興津～清水,本７７,168222,138.49046,35.03059,168220
興津～清水,本７８,168263,138.490238,35.030233,168265
清水駅,本１,168304,138.49006,35.029899,168305
清水駅,本２,168342,138.48993,35.029609,168340
清水駅,本３,168392,138.48976,35.029184,168390
清水駅,本４,168443,138.48961,35.028704,168445
清水駅,注２,168465,138.48957,35.028527,168465
清水駅,注１－１,168484,138.489533,35.028352,168485
清水駅,本５,168492,138.489525,35.028307,168490
清水駅,曲１,168521,138.48948,35.028038,168520
清水駅,本６,168541,138.48945,35.027856,168540
清水駅,本７,168578,138.48942,35.027493,168580
清水駅,本８,168629,138.48937,35.027042,168630
清水駅,本９,168680,138.48932,35.026593,168680
清水駅,本１０,168730,138.48928,35.026144,168730
清水駅,本１１,168780,138.48923,35.025694,168780
清水駅,本１２,168833,138.489183,35.0252,168835
清水駅,本１３,168880,138.48915,35.024795,168880
清水駅,本１４,168930,138.489135,35.024343,168930
清水駅,本１５,168980,138.48913,35.023893,168980
清水駅,本１６,169015,138.489123,35.023576,169015
清水駅,本１７,169060,138.48909,35.023168,169060
清水駅,本１８,169102,138.48905,35.022805,169100
清水駅,本１９,169143,138.489015,35.022398,169145
清水駅,本２０,169182,138.48898,35.02208,169180
清水駅,本２１,169227,138.488935,35.021673,169225
清水駅,本２２,169267,138.488898,35.02131,169265
清水駅,本２３,169305,138.488863,35.020948,169305
清水駅,本２３－１,169307,138.488863,35.020948,169305
清水駅,本２４,169337,138.488818,35.020677,169335
清水駅,本２５,169366,138.488755,35.020409,169365
清水駅,本２６,169395,138.488665,35.020147,169395
清水駅,本２７,169424,138.48855,35.01989,169425
清水駅,本２８,169453,138.488423,35.019642,169455
清水駅,本２９,169485,138.488263,35.019404,169485
清水駅,本３０,169520,138.48805,35.01914,169520
清水駅,上本３１,169548,138.487855,35.018929,169550
清水駅,下本３１,169552,138.487855,35.018929,169550
清水駅,上本３２,169582,138.48764,35.01872,169580
清水駅,下本３２,169587,138.487603,35.018691,169585
清水駅,本３３,169614,138.487363,35.018511,169615
清水駅,注３-１,169622,138.48732,35.01848,169620
清水駅,注４,169622,138.48732,35.01848,169620
清水駅,注３,169642,138.48714,35.018365,169640
清水駅,注４－１,169646,138.487095,35.018338,169645
清水駅,本３４,169649,138.48705,35.018311,169650
清水～草薙,本１,169690,138.486685,35.0181,169690
清水～草薙,本２,169738,138.48622,35.01784,169740
清水～草薙,本３,169781,138.48585,35.017632,169780
清水～草薙,本５,169881,138.48492,35.01711,169880
清水～草薙,本６,169931,138.484465,35.016857,169930
清水～草薙,本７,169980,138.48401,35.016599,169980
清水～草薙,本８,170030,138.48355,35.016342,170030
清水～草薙,注２,170040,138.48346,35.01629,170040
清水～草薙,注１－１,170069,138.483185,35.016142,170070
清水～草薙,本９,170079,138.48309,35.01609,170080
清水～草薙,本１０,170129,138.48264,35.015836,170130
清水～草薙,本１１,170178,138.48219,35.015583,170180
清水～草薙,本１２,170226,138.481775,35.015354,170225
清水～草薙,本１３,170270,138.48137,35.015124,170270
清水～草薙,本１４,170309,138.481005,35.01492,170310
清水～草薙,本１５,170339,138.48073,35.014767,170340
清水～草薙,本１６,170379,138.48037,35.014563,170380
清水～草薙,本１７,170427,138.479965,35.014336,170425
清水～草薙,本１８,170470,138.47955,35.014107,170470
清水～草薙,本１９,170510,138.47919,35.013905,170510
清水～草薙,本２０,170550,138.47882,35.013711,170550
清水～草薙,本２１,170589,138.47844,35.013531,170590
清水～草薙,本２２,170637,138.478,35.01334,170635
清水～草薙,本２３,170686,138.477498,35.013168,170685
清水～草薙,本２４,170735,138.47698,35.013013,170735
清水～草薙,本２５,170785,138.476448,35.012888,170785
清水～草薙,本２６,170834,138.475915,35.012791,170835
清水～草薙,本２７,170884,138.475385,35.012722,170885
清水～草薙,本２８,170934,138.474835,35.012667,170935
清水～草薙,本２９,170983,138.474275,35.012634,170985
清水～草薙,本３０,171031,138.47378,35.0126,171030
清水～草薙,本３１,171080,138.47324,35.012562,171080
清水～草薙,本３２,171130,138.47269,35.012525,171130
清水～草薙,本３３,171180,138.47214,35.012487,171180
清水～草薙,本３４,171231,138.471595,35.012449,171230
清水～草薙,本３５,171282,138.47105,35.012411,171280
清水～草薙,本３６,171332,138.4705,35.012373,171330
清水～草薙,本３７,171384,138.469898,35.012327,171385
清水～草薙,本３８,171435,138.469355,35.012293,171435
清水～草薙,本３９,171476,138.468915,35.012262,171475
清水～草薙,本４０,171517,138.468485,35.012232,171515
清水～草薙,本４０－１,171569,138.46788,35.012187,171570
清水～草薙,本４１,171604,138.467495,35.012164,171605
清水～草薙,本４２,171639,138.46711,35.012137,171640
清水～草薙,特１,171687,138.466618,35.012103,171685
清水～草薙,特１－１,171689,138.466565,35.012099,171690
清水～草薙,本４３,171690,138.466565,35.012099,171690
清水～草薙,本４４,171742,138.46602,35.01206,171740
清水～草薙,本４５,171782,138.46558,35.01203,171780
清水～草薙,本４６,171832,138.46503,35.011993,171830
清水～草薙,注３－１,171879,138.46448,35.011955,171880
清水～草薙,本４７,171883,138.464425,35.011951,171885
清水～草薙,本４８,171935,138.463885,35.011912,171935
清水～草薙,本４９,171998,138.46317,35.011863,172000
清水～草薙,本５０,172047,138.462675,35.011829,172045
清水～草薙,本５１,172098,138.46208,35.011787,172100
清水～草薙,本５２,172148,138.46153,35.011749,172150
清水～草薙,本５３,172194,138.461025,35.011714,172195
清水～草薙,本５４,172243,138.460485,35.011676,172245
清水～草薙,本５５,172288,138.45999,35.011637,172290
清水～草薙,本５６,172328,138.45955,35.011611,172330
清水～草薙,本５７,172378,138.45901,35.011573,172380
清水～草薙,本５８,172411,138.45868,35.011551,172410
清水～草薙,本５９,172461,138.45813,35.011513,172460
清水～草薙,本６０,172512,138.457585,35.011473,172510
清水～草薙,本６１,172552,138.45715,35.011433,172550
清水～草薙,本６２,172593,138.456663,35.011369,172595
清水～草薙,本６３,172624,138.456338,35.011313,172625
清水～草薙,本６４,172663,138.455915,35.011219,172665
清水～草薙,本６５,172712,138.45544,35.011103,172710
清水～草薙,注６,172737,138.455183,35.011027,172735
清水～草薙,注５－１,172745,138.45508,35.010994,172745
清水～草薙,本６６,172762,138.45493,35.010943,172760
清水～草薙,本６７,172811,138.454425,35.010755,172810
清水～草薙,本６８,172861,138.45394,35.010545,172860
清水～草薙,本６９,172911,138.453475,35.01031,172910
清水～草薙,本７０,172961,138.45303,35.010051,172960
清水～草薙,本７１,173011,138.45259,35.009778,173010
清水～草薙,本７２,173061,138.45216,35.0095,173060
清水～草薙,本７３,173111,138.451725,35.009222,173110
清水～草薙,本７４,173161,138.45129,35.008945,173160
清水～草薙,注８,173186,138.451075,35.008806,173185
清水～草薙,注７－１,173200,138.45094,35.008723,173200
清水～草薙,本７５,173211,138.450855,35.008668,173210
清水～草薙,本７６,173261,138.45042,35.00839,173260
清水～草薙,本７７,173309,138.44999,35.008112,173310
清水～草薙,本７８,173359,138.44956,35.007834,173360
清水～草薙,本７９,173409,138.449125,35.007557,173410
清水～草薙,本８０,173459,138.44869,35.00728,173460
清水～草薙,本８１,173498,138.44834,35.007058,173500
清水～草薙,本８２,173538,138.448,35.006835,173540
清水～草薙,本８３,173588,138.447565,35.006558,173590
清水～草薙,本８４,173628,138.447215,35.006337,173630
清水～草薙,本８５,173668,138.44687,35.006115,173670
清水～草薙,注１０,173704,138.446568,35.005921,173705
清水～草薙,本８６,173708,138.446525,35.005894,173710
清水～草薙,注９－１,173714,138.446483,35.005866,173715
清水～草薙,本８７,173758,138.44609,35.00561,173760
清水～草薙,本８８,173808,138.445655,35.005339,173810
清水～草薙,本８９,173858,138.44522,35.005061,173860
清水～草薙,注１２,173868,138.445135,35.005005,173870
清水～草薙,注１１－１,173901,138.44487,35.004838,173900
清水～草薙,本９０,173907,138.444828,35.00481,173905
清水～草薙,本９１,173957,138.444395,35.004532,173955
清水～草薙,止１,173967,138.444308,35.004476,173965
清水～草薙,本９２,174008,138.44392,35.004228,174010
清水～草薙,注１４,174011,138.44392,35.004228,174010
草薙駅,本１,174058,138.44349,35.003949,174060
草薙駅,本２,174108,138.44307,35.003667,174110
草薙駅,本３,174158,138.44264,35.003384,174160
草薙駅,曲１,174192,138.442385,35.003215,174190
草薙駅,本４,174210,138.442215,35.003102,174210
草薙駅,本７,174344,138.441038,35.002347,174345
草薙駅,本８,174394,138.440605,35.002069,174395
草薙駅,本９,174444,138.440178,35.001796,174445
草薙駅,本１０,174494,138.439743,35.001521,174495
草薙駅,本１１,174544,138.439315,35.001243,174545
草薙駅,本１２,174595,138.438883,35.000966,174595
草薙駅,本１３,174645,138.438448,35.000691,174645
草薙駅,本１４,174694,138.438023,35.000415,174695
草薙駅,本１５,174739,138.43763,35.000163,174740
草薙駅,本１６,174789,138.43719,34.999888,174790
草薙駅,曲２,174805,138.437055,34.999808,174805
草薙駅,本１７,174839,138.43674,34.999621,174840
草薙駅,本１８,174889,138.4363,34.999347,174890
草薙駅,本１９,174939,138.43586,34.999069,174940
草薙～静岡貨物,本１,174988,138.43543,34.998791,174990
草薙～静岡貨物,本２,175037,138.435043,34.998541,175035
草薙～静岡貨物,本３,175087,138.434608,34.998263,175085
草薙～静岡貨物,注２,175125,138.434265,34.998042,175125
草薙～静岡貨物,本４,175137,138.434175,34.997987,175135
草薙～静岡貨物,注１－１,175148,138.434045,34.997904,175150
草薙～静岡貨物,本５,175186,138.433745,34.997708,175185
草薙～静岡貨物,本７,175286,138.432878,34.997154,175285
草薙～静岡貨物,本８,175331,138.432495,34.996899,175330
草薙～静岡貨物,本９,175375,138.43211,34.996635,175375
草薙～静岡貨物,本１０,175420,138.43173,34.996367,175420
草薙～静岡貨物,上本１１,175461,138.43141,34.99612,175460
静岡貨物駅,下本１,175465,138.431368,34.99609,175465
草薙～静岡貨物,上本１２,175511,138.431,34.995812,175510
静岡貨物駅,下本２,175515,138.43096,34.99578,175515
草薙～静岡貨物,上本１３,175561,138.43059,34.995501,175560
静岡貨物駅,下本３,175565,138.43055,34.99547,175565
草薙～静岡貨物,上本１４,175611,138.43019,34.995191,175610
静岡貨物駅,下本４,175615,138.43015,34.995161,175615
草薙～静岡貨物,上本１５,175661,138.42979,34.99488,175660
静岡貨物駅,下本５,175665,138.42975,34.99485,175665
静岡貨物駅,下本６,175709,138.42939,34.994577,175710
草薙～静岡貨物,上本１６,175711,138.42939,34.994577,175710
静岡貨物駅,下本７,175759,138.42899,34.99427,175760
草薙～静岡貨物,上本１７,175761,138.42899,34.99427,175760
草薙～静岡貨物,上本１８,175796,138.42871,34.994052,175795
静岡貨物駅,下本８,175804,138.42863,34.993993,175805
静岡貨物駅,上本１,175842,138.42835,34.993778,175840
静岡貨物駅,下本９,175843,138.42831,34.993747,175845
静岡貨物駅,下本１０,175881,138.42802,34.993532,175880
静岡貨物駅,上本２,175887,138.42798,34.993499,175885
静岡貨物駅,下本１１,175915,138.42774,34.993315,175915
静岡貨物駅,上本３,175932,138.42762,34.993225,175930
静岡貨物駅,下本１２,175953,138.42742,34.993071,175955
静岡貨物駅,上本４,175972,138.4273,34.992979,175970
静岡貨物駅,下本１３,175996,138.4271,34.992825,175995
静岡貨物駅,上本５,176003,138.42702,34.992764,176005
静岡貨物駅,上本６,176036,138.42678,34.992581,176035
静岡貨物駅,下本１４,176045,138.4267,34.99252,176045
静岡貨物駅,上本７,176081,138.42642,34.992305,176080
静岡貨物駅,下本１５,176094,138.426308,34.992214,176095
静岡貨物駅,上本８,176131,138.42603,34.991999,176130
静岡貨物駅,下本１６,176143,138.42591,34.991906,176145
静岡貨物駅,下本１７,176181,138.42564,34.991688,176180
静岡貨物駅,上本９,176181,138.42564,34.991688,176180
静岡貨物駅,下本１８,176221,138.42532,34.991436,176220
静岡貨物駅,上本１０,176231,138.425245,34.991368,176230
静岡貨物駅,下本１９,176260,138.42501,34.991182,176260
静岡貨物駅,上本１１,176281,138.42485,34.991055,176280
静岡貨物駅,下本２０,176299,138.4247,34.990927,176300
静岡貨物駅,上本１２,176321,138.42454,34.990801,176320
静岡貨物駅,下本２１,176339,138.42438,34.990674,176340
静岡貨物駅,上本１３,176361,138.42422,34.990548,176360
静岡貨物駅,下本２２,176389,138.42398,34.990361,176390
静岡貨物駅,上本１４,176411,138.42382,34.990242,176410
静岡貨物駅,下本２３,176439,138.42357,34.990063,176440
静岡貨物駅,上本１５,176461,138.4234,34.989947,176460
静岡貨物駅,下本２４,176488,138.423145,34.989774,176490
静岡貨物駅,上本１６,176511,138.422975,34.989662,176510
静岡貨物駅,下本２５,176538,138.42272,34.989492,176540
静岡貨物駅,上本１７,176561,138.42255,34.98938,176560
静岡貨物駅,下本２６,176588,138.422295,34.989212,176590
静岡貨物駅,上本１８,176601,138.42221,34.989155,176600
静岡貨物駅,下本２７,176628,138.421955,34.988986,176630
静岡貨物駅,上本１９,176636,138.421913,34.988957,176635
静岡貨物駅,機本１,176644,138.421828,34.988901,176645
静岡貨物駅,下本２８,176668,138.42161,34.988761,176670
静岡貨物駅,機本２,176672,138.42161,34.988761,176670
静岡貨物駅,上本２０,176676,138.421565,34.988733,176675
静岡貨物駅,機本３,176692,138.421435,34.988649,176690
静岡貨物～東静岡,下本１,176708,138.421265,34.988536,176710
静岡貨物駅,上本２１,176716,138.421223,34.988507,176715
静岡貨物駅,機本４,176717,138.421223,34.988507,176715
静岡貨物駅,機本５,176752,138.420925,34.988311,176750
静岡貨物駅,上本２２,176756,138.420883,34.988283,176755
静岡貨物～東静岡,下本２,176758,138.42084,34.988255,176760
静岡貨物駅,機本６,176777,138.420705,34.988169,176775
静岡貨物駅,上本２３,176801,138.42049,34.988038,176800
静岡貨物駅,機本７,176802,138.42049,34.988038,176800
静岡貨物～東静岡,下本３,176808,138.4204,34.987986,176810
静岡貨物駅,機本８,176832,138.42022,34.987882,176830
静岡貨物駅,上本２４,176846,138.420085,34.987803,176845
静岡貨物～東静岡,下本４,176853,138.419995,34.987748,176855
静岡貨物駅,機本９,176862,138.41995,34.98772,176860
静岡貨物駅,機本１０,176892,138.419675,34.987576,176890
静岡貨物～東静岡,下本５,176903,138.419535,34.987509,176905
静岡貨物駅,仕特１,176904,138.419535,34.987509,176905
静岡貨物駅,機本１１,176917,138.419445,34.987462,176915
静岡貨物～東静岡,上本１,176921,138.4194,34.987438,176920
静岡貨物駅,機本１２,176947,138.419163,34.987322,176945
静岡貨物～東静岡,下本６,176953,138.419068,34.987277,176955
静岡貨物～東静岡,上本２,176956,138.419068,34.987277,176955
静岡貨物駅,機本１３,176977,138.418878,34.987188,176975
静岡貨物～東静岡,上本３,176982,138.41883,34.987166,176980
静岡貨物～東静岡,下本７,177001,138.41864,34.98708,177000
静岡貨物駅,機本１４,177017,138.418498,34.987017,177015
静岡貨物～東静岡,上本４,177017,138.418498,34.987017,177015
静岡貨物～東静岡,下本８,177051,138.418155,34.986872,177050
静岡貨物～東静岡,上本５,177058,138.41806,34.986831,177060
静岡貨物駅,機本１５,177090,138.417765,34.986708,177090
静岡貨物～東静岡,下本９,177101,138.41767,34.986666,177100
静岡貨物～東静岡,上本６,177106,138.41762,34.986646,177105
静岡貨物駅,機本１６,177131,138.417375,34.986543,177130
静岡貨物～東静岡,下本１０,177151,138.41718,34.98646,177150
静岡貨物～東静岡,上本７,177156,138.41713,34.986438,177155
静岡貨物駅,機本１７,177172,138.416985,34.986374,177170
静岡貨物～東静岡,下本１１,177201,138.4167,34.986243,177200
静岡貨物～東静岡,上本８,177206,138.416653,34.98622,177205
静岡貨物駅,機本１８,177217,138.416558,34.986173,177215
静岡貨物～東静岡,下本１２,177251,138.41623,34.986013,177250
静岡貨物～東静岡,上本９,177256,138.416185,34.985989,177255
静岡貨物～東静岡,本１３,177301,138.41577,34.985768,177300
静岡貨物～東静岡,本１４,177336,138.415455,34.985589,177335
静岡貨物～東静岡,本１５,177367,138.415188,34.985432,177365
静岡貨物～東静岡,本１６,177412,138.41479,34.985192,177410
東静岡駅,本１,177458,138.41435,34.98492,177460
東静岡駅,本２,177508,138.41391,34.984659,177510
東静岡駅,本３,177553,138.413513,34.984418,177555
東静岡駅,本４,177603,138.413068,34.984145,177605
東静岡駅,本５,177653,138.412633,34.983884,177655
東静岡駅,本６,177700,138.41223,34.983644,177700
東静岡駅,本７,177750,138.41179,34.983377,177750
静岡車両区,庫本４４,177755,138.411745,34.983351,177755
静岡車両区,庫本４９,177759,138.4117,34.983324,177760
静岡車両区,庫本４６,177772,138.411615,34.983271,177770
静岡車両区,庫本４３,177776,138.411573,34.983244,177775
東静岡駅,下止１,177780,138.41153,34.983217,177780
静岡車両区,庫止１１,177781,138.41153,34.983217,177780
静岡車両区,庫止１２,177781,138.41153,34.983217,177780
静岡車両区,庫止１３,177781,138.41153,34.983217,177780
静岡車両区,庫止１４,177781,138.41153,34.983217,177780
静岡車両区,庫止１４－１,177781,138.41153,34.983217,177780
静岡車両区,庫本４８,177786,138.411485,34.98319,177785
静岡車両区,庫本４２,177798,138.41135,34.983109,177800
東静岡駅,下本８,177801,138.41135,34.983109,177800
東静岡駅,上本８,177801,138.41135,34.983109,177800
静岡車両区,庫本４１,177802,138.41135,34.983109,177800
静岡車両区,庫本４５,177802,138.41135,34.983109,177800
静岡車両区,庫本４７,177816,138.411223,34.983027,177815
静岡車両区,庫止６,177823,138.411135,34.982973,177825
静岡車両区,庫本４０,177830,138.41109,34.982945,177830
静岡車両区,庫本３９,177832,138.41109,34.982945,177830
東静岡駅,上本９,177851,138.410915,34.982835,177850
東静岡駅,下本９,177852,138.410915,34.982835,177850
静岡車両区,庫本３８,177855,138.410873,34.982807,177855
静岡車両区,庫曲５,177856,138.410873,34.982807,177855
静岡車両区,庫本３８－１,177856,138.410873,34.982807,177855
静岡車両区,庫本３６－１,177870,138.410745,34.982723,177870
静岡車両区,庫本３７,177882,138.41066,34.982667,177880
静岡車両区,庫本３６,177896,138.410533,34.982579,177895
東静岡～静岡,上本１,177901,138.41049,34.98255,177900
東静岡～静岡,下本１,177902,138.41049,34.98255,177900
静岡車両区,庫曲６,177914,138.410363,34.982468,177915
静岡車両区,庫本３５,177922,138.41032,34.982441,177920
静岡車両区,庫本３４,177934,138.410185,34.982356,177935
東静岡～静岡,本２,177951,138.410055,34.982272,177950
静岡車両区,庫本３３,177972,138.409885,34.982159,177970
静岡車両区,庫本３２,177977,138.409843,34.98213,177975
東静岡～静岡,下本３,178001,138.40963,34.981989,178000
東静岡～静岡,上本３,178001,138.40963,34.981989,178000
静岡車両区,庫本３０,178017,138.409503,34.981905,178015
静岡車両区,庫本３１,178022,138.40946,34.981877,178020
静岡車両区,庫曲４,178037,138.409333,34.981792,178035
東静岡～静岡,下本４,178046,138.409248,34.981736,178045
静岡車両区,庫本２８,178046,138.409248,34.981736,178045
東静岡～静岡,上本４,178046,138.409248,34.981736,178045
静岡車両区,庫本２７,178062,138.40912,34.981652,178060
静岡車両区,庫本２９,178069,138.409035,34.981596,178070
静岡車両区,庫本２５,178076,138.408993,34.981568,178075
静岡車両区,庫本２６,178082,138.40895,34.98154,178080
静岡車両区,庫本２４,178092,138.408865,34.981484,178090
東静岡～静岡,下本５,178096,138.408823,34.981455,178095
東静岡～静岡,上本５,178096,138.408823,34.981455,178095
静岡車両区,庫本２３,178112,138.408695,34.981371,178110
静岡車両区,庫本２２,178132,138.408525,34.981258,178130
静岡車両区,庫特１,178144,138.408398,34.981173,178145
東静岡～静岡,下本６,178146,138.408398,34.981173,178145
東静岡～静岡,上本６,178146,138.408398,34.981173,178145
静岡車両区,庫本２１,178157,138.408313,34.981116,178155
静岡車両区,庫本２０,178182,138.4081,34.980975,178180
東静岡～静岡,下本７,178196,138.407965,34.98089,178195
東静岡～静岡,上本７,178196,138.407965,34.98089,178195
静岡車両区,庫曲３,178202,138.40792,34.980862,178200
静岡車両区,庫止３,178202,138.40792,34.980862,178200
静岡車両区,庫本１９,178218,138.40775,34.98075,178220
静岡車両区,庫止２－１,178237,138.407623,34.980666,178235
東静岡～静岡,下本８,178241,138.40758,34.980638,178240
東静岡～静岡,上本８,178243,138.407538,34.98061,178245
静岡車両区,庫本１８,178247,138.407538,34.98061,178245
東静岡～静岡,下本９,178273,138.407283,34.980439,178275
静岡車両区,庫本１７,178278,138.40724,34.980411,178280
東静岡～静岡,上本９,178291,138.407155,34.980351,178290
静岡車両区,庫止２,178298,138.40707,34.98029,178300
静岡車両区,庫本１６,178309,138.406985,34.980235,178310
東静岡～静岡,下本１０,178310,138.406985,34.980235,178310
静岡車両区,庫本１５,178329,138.406815,34.980127,178330
東静岡～静岡,上本１０,178341,138.40673,34.980074,178340
静岡車両区,庫本１４,178349,138.40664,34.980019,178350
東静岡～静岡,下本１１,178355,138.406595,34.979992,178355
静岡車両区,庫本１３,178373,138.406423,34.979884,178375
東静岡～静岡,上本１１,178391,138.40629,34.979805,178390
東静岡～静岡,下本１２,178399,138.4062,34.979752,178400
静岡車両区,庫本１２,178403,138.406155,34.979727,178405
東静岡～静岡,上本１２,178431,138.40593,34.979601,178430
静岡車両区,庫本１１,178443,138.405793,34.979527,178445
東静岡～静岡,下本１３,178445,138.405793,34.979527,178445
静岡車両区,庫曲２,178463,138.405603,34.979431,178465
東静岡～静岡,上本１３,178472,138.405555,34.979408,178470
東静岡～静岡,下本１４,178483,138.405415,34.979339,178485
静岡車両区,庫本１０,178483,138.405415,34.979339,178485
静岡車両区,庫止１,178503,138.40523,34.979252,178505
東静岡～静岡,本１５,178516,138.40513,34.979209,178515
静岡車両区,庫本９,178523,138.405033,34.979166,178525
東静岡～静岡,下本１６,178546,138.40484,34.979083,178545
東静岡～静岡,上本１６,178558,138.40469,34.979022,178560
東静岡～静岡,下本１７,178571,138.404595,34.978984,178570
静岡車両区,庫本８,178573,138.404548,34.978964,178575
東静岡～静岡,下本１８,178600,138.4043,34.97887,178600
静岡車両区,庫本７－１,178611,138.4042,34.97883,178610
静岡車両区,庫本７,178618,138.4041,34.97879,178620
東静岡～静岡,止１,178639,138.4039,34.978725,178640
静岡車両区,庫本６,178658,138.40369,34.978652,178660
静岡車両区,庫本５,178698,138.40329,34.978505,178700
静岡車両区,庫本４,178730,138.403,34.97839,178730
東静岡～静岡,本１９,178754,138.402743,34.978303,178755
東静岡～静岡,本２０,178798,138.40229,34.978142,178800
静岡車両区,庫本３,178800,138.40229,34.978142,178800
静岡車両区,庫本２,178820,138.40209,34.978069,178820
東静岡～静岡,本２１,178840,138.4019,34.97799,178840
東静岡～静岡,本２２,178880,138.4015,34.97783,178880
東静岡～静岡,本２３,178915,138.401168,34.977693,178915
東静岡～静岡,本２４,178955,138.40089,34.977574,178955
東静岡～静岡,本２５,179001,138.40088,34.97757,179000
東静岡～静岡,本２６,179036,138.400548,34.97742,179035
東静岡～静岡,本２７,179081,138.40011,34.977225,179080
東静岡～静岡,本２８,179122,138.39973,34.977053,179120
東静岡～静岡,本２９,179169,138.39925,34.976837,179170
東静岡～静岡,本３０,179217,138.398818,34.976642,179215
東静岡～静岡,本３１,179262,138.39838,34.976449,179260
東静岡～静岡,本３２,179318,138.39781,34.97619,179320
東静岡～静岡,本３３,179368,138.397325,34.975974,179370
静岡駅,本１,179420,138.39685,34.975754,179420
静岡駅,本２,179467,138.396423,34.975549,179465
静岡駅,本３,179514,138.395958,34.975314,179515
静岡駅,本４,179556,138.395578,34.975125,179555
静岡駅,本５,179587,138.395303,34.974984,179585
静岡駅,本６,179618,138.39497,34.974819,179620
静岡駅,本７,179649,138.394695,34.974678,179650
静岡駅,本８,179686,138.394365,34.974513,179685
静岡駅,本９,179724,138.393993,34.974324,179725
静岡駅,本１０,179766,138.393623,34.974135,179765
静岡駅,本１１,179808,138.3932,34.973923,179810
静岡駅,本１２,179850,138.392825,34.973734,179850
静岡駅,本１３,179893,138.392408,34.973522,179895
静岡駅,本１４,179924,138.392125,34.97338,179925
静岡駅,本１５,179955,138.391848,34.973239,179955
静岡駅,本１６,179986,138.391565,34.973096,179985
静岡駅,本１７,180021,138.39124,34.972928,180020
静岡駅,本１８,180056,138.390925,34.972756,180055
静岡駅,本１９,180099,138.39051,34.972534,180100
静岡駅,本２０,180136,138.390188,34.972356,180135
静岡駅,本２１,180173,138.389825,34.972165,180175
静岡駅,本２２,180212,138.3895,34.971992,180210
静岡駅,本２３,180253,138.389085,34.971765,180255
静岡駅,本２４,180295,138.388718,34.971575,180295
静岡駅,本２５,180330,138.3884,34.971402,180330
静岡駅,本２６,180364,138.388075,34.97123,180365
静岡駅,本２７,180400,138.38776,34.971058,180400
静岡駅,本２８,180440,138.38739,34.970861,180440
静岡駅,本２９,180467,138.387155,34.970739,180465
静岡駅,本３０,180510,138.386745,34.970518,180510
静岡駅,本３１,180538,138.38647,34.970367,180540
静岡駅,本３２,180566,138.386248,34.970237,180565
静岡駅,本３３,180608,138.385855,34.969994,180610
静岡駅,本３４,180638,138.3856,34.969827,180640
静岡駅,本３５,180676,138.385293,34.969634,180675
静岡駅,本３６,180710,138.38499,34.969441,180710
静岡駅,本３７,180749,138.384645,34.96922,180750
静岡駅,本３８,180796,138.384253,34.968969,180795
静岡駅,本３９,180843,138.383818,34.968694,180845
静岡駅,本４０,180887,138.383478,34.968467,180885
静岡駅,本４１,180926,138.383148,34.968236,180925
静岡駅,本４２,180968,138.38277,34.967965,180970
静岡駅,止１,180995,138.38257,34.967815,180995
静岡駅,止１－１,180995,138.38257,34.967815,180995
静岡～安倍川,上本１,181008,138.38245,34.967726,181010
静岡～安倍川,下本１,181009,138.38245,34.967726,181010
静岡～安倍川,下本２,181042,138.38221,34.967541,181040
静岡～安倍川,上本２,181042,138.38221,34.967541,181040
静岡～安倍川,下本３,181082,138.3819,34.96729,181080
静岡～安倍川,上本３,181082,138.3819,34.96729,181080
静岡～安倍川,下本４,181123,138.381553,34.967,181125
静岡～安倍川,上本４,181123,138.381553,34.967,181125
静岡～安倍川,本５,181169,138.381215,34.966705,181170
静岡～安倍川,本６,181210,138.38092,34.966436,181210
静岡～安倍川,本７,181255,138.380598,34.966129,181255
静岡～安倍川,本８,181300,138.38028,34.965816,181300
静岡～安倍川,本９,181343,138.379975,34.965501,181345
静岡～安倍川,本１０,181382,138.37973,34.965256,181380
静岡～安倍川,本１１,181419,138.37945,34.964978,181420
静岡～安倍川,本１２,181458,138.37917,34.964705,181460
静岡～安倍川,本１３,181498,138.37888,34.964432,181500
静岡～安倍川,本１４,181547,138.378555,34.964125,181545
静岡～安倍川,本１５,181587,138.378273,34.963853,181585
静岡～安倍川,本１６,181632,138.37795,34.963547,181630
静岡～安倍川,本２４,181963,138.375545,34.961268,181965
静岡～安倍川,本２５,182005,138.375263,34.960996,182005
静岡～安倍川,本２６,182044,138.374973,34.960723,182045
静岡～安倍川,本２７,182082,138.37472,34.960484,182080
静岡～安倍川,本２８,182116,138.374475,34.960237,182115
静岡～安倍川,本２９,182157,138.374205,34.959958,182155
静岡～安倍川,本３０,182198,138.37389,34.959642,182200
静岡～安倍川,止１,182218,138.37375,34.959501,182220
静岡～安倍川,止２,182218,138.37375,34.959501,182220
静岡～安倍川,本３１,182236,138.373645,34.959396,182235
静岡～安倍川,本４４,182836,138.369115,34.954796,182835
静岡～安倍川,本４５,182886,138.368775,34.954445,182885
静岡～安倍川,本４６,182936,138.368433,34.954094,182935
静岡～安倍川,本４７,182986,138.368088,34.953742,182985
静岡～安倍川,本４８,183037,138.367755,34.953384,183035
静岡～安倍川,本４９,183088,138.36739,34.952986,183090
静岡～安倍川,本５０,183139,138.36706,34.952632,183140
静岡～安倍川,本５１,183190,138.366725,34.952274,183190
静岡～安倍川,本５２,183240,138.36639,34.951915,183240
静岡～安倍川,本５３,183290,138.366065,34.951555,183290
静岡～安倍川,本５４,183341,138.36575,34.951182,183340
静岡～安倍川,本５５,183382,138.36553,34.950873,183380
静岡～安倍川,本５６,183423,138.365295,34.950515,183425
静岡～安倍川,本５７,183465,138.36511,34.950188,183465
静岡～安倍川,本５８,183506,138.36495,34.949854,183505
静岡～安倍川,本５９,183544,138.364803,34.949513,183545
静岡～安倍川,本６０,183583,138.364678,34.949167,183585
静岡～安倍川,本６１,183621,138.36459,34.94886,183620
静岡～安倍川,本６２,183660,138.36451,34.948506,183660
静岡～安倍川,本６３,183698,138.36444,34.948149,183700
静岡～安倍川,本６４,183732,138.36441,34.947879,183730
静岡～安倍川,本６５,183751,138.364395,34.947699,183750
静岡～安倍川,本６６,183854,138.364353,34.946753,183855
静岡～安倍川,本６７,183873,138.36435,34.946567,183875
静岡～安倍川,本６８,183902,138.36434,34.946347,183900
静岡～安倍川,本６９,183936,138.36433,34.946027,183935
静岡～安倍川,本７０,183981,138.36431,34.945626,183980
静岡～安倍川,本７１,184034,138.364293,34.94515,184035
静岡～安倍川,本７２,184085,138.364278,34.9447,184085
静岡～安倍川,本７３,184136,138.36426,34.944249,184135
静岡～安倍川,本７４,184187,138.364238,34.943799,184185
静岡～安倍川,本７５,184238,138.36422,34.943306,184240
安倍川駅,本１,184289,138.364205,34.942859,184290
安倍川駅,本２,184340,138.36419,34.942406,184340
安倍川駅,本３,184391,138.36417,34.941951,184390
安倍川駅,本４,184442,138.36415,34.941501,184440
安倍川駅,本５,184493,138.364133,34.941005,184495
安倍川駅,本６,184543,138.364118,34.940555,184545
安倍川駅,本７,184593,138.3641,34.940104,184595
安倍川駅,本８,184643,138.36408,34.939654,184645
安倍川駅,本９,184693,138.364063,34.939203,184695
安倍川～用宗,本１,184743,138.364048,34.938754,184745
安倍川～用宗,本２,184784,138.364038,34.938395,184785
安倍川～用宗,本３,184834,138.364013,34.937941,184835
安倍川～用宗,本４,184869,138.364005,34.937623,184870
安倍川～用宗,本５,184919,138.36399,34.937173,184920
安倍川～用宗,本６,184970,138.36397,34.936722,184970
安倍川～用宗,本７,185019,138.36395,34.936272,185020
安倍川～用宗,本８,185069,138.363935,34.935821,185070
安倍川～用宗,本９,185119,138.36392,34.935371,185120
安倍川～用宗,本１０,185170,138.363905,34.934921,185170
安倍川～用宗,本１１,185220,138.36388,34.934471,185220
安倍川～用宗,本１２,185270,138.363865,34.934021,185270
安倍川～用宗,本１３,185320,138.36385,34.93357,185320
安倍川～用宗,注２,185365,138.363838,34.933162,185365
安倍川～用宗,注１－１,185369,138.363835,34.933115,185370
安倍川～用宗,本１４,185370,138.363835,34.933115,185370
安倍川～用宗,本１５,185419,138.36382,34.932668,185420
安倍川～用宗,本１６,185470,138.3638,34.932218,185470
安倍川～用宗,本１７,185518,138.36378,34.931768,185520
安倍川～用宗,本１８,185569,138.363765,34.931317,185570
安倍川～用宗,本１９,185617,138.363753,34.930912,185615
安倍川～用宗,本２０,185668,138.363735,34.930415,185670
安倍川～用宗,本２１,185717,138.363713,34.930009,185715
安倍川～用宗,本２２,185768,138.3637,34.929515,185770
安倍川～用宗,本２３,185819,138.36368,34.929064,185820
安倍川～用宗,本２４,185869,138.363655,34.92861,185870
安倍川～用宗,本２５,185918,138.36361,34.928158,185920
安倍川～用宗,本２６,185968,138.36353,34.927698,185970
安倍川～用宗,本２７,186018,138.36341,34.927247,186020
用宗駅,本１,186068,138.363265,34.926813,186070
用宗駅,本２,186118,138.36309,34.926384,186120
用宗駅,止１,186158,138.36292,34.92604,186160
用宗駅,本３,186168,138.362875,34.925959,186170
用宗駅,本４,186208,138.36268,34.925633,186210
用宗駅,注２,186235,138.362548,34.925435,186235
用宗駅,注１－１,186246,138.362493,34.925357,186245
用宗駅,注２－１,186246,138.362493,34.925357,186245
用宗駅,本５,186249,138.362465,34.925319,186250
用宗駅,本６,186290,138.36223,34.925015,186290
用宗駅,本７,186329,138.361975,34.924727,186330
用宗駅,曲１,186365,138.361748,34.924476,186365
用宗駅,本８,186379,138.36165,34.924373,186380
用宗駅,本９,186419,138.36138,34.924092,186420
用宗駅,本１０,186459,138.36112,34.923814,186460
用宗駅,本１１,186499,138.36086,34.923536,186500
用宗駅,本１２,186540,138.36059,34.923241,186540
用宗駅,本１３,186590,138.360255,34.922873,186590
用宗駅,本１４,186643,138.359888,34.922474,186645
用宗駅,本１５,186690,138.359595,34.922149,186690
用宗駅,本１６,186743,138.359228,34.921753,186745
用宗駅,本１７,186790,138.358935,34.921431,186790
用宗駅,本１８,186841,138.3586,34.92107,186840
用宗駅,本１９,186891,138.358275,34.920707,186890
用宗駅,曲４,186920,138.35808,34.92048,186920
用宗駅,本２０,186941,138.35796,34.920337,186940
用宗駅,本２１,186991,138.357665,34.919957,186990
用宗駅,本２２,187028,138.357435,34.91965,187030
用宗駅,止３,187063,138.35724,34.919382,187065
用宗駅,本２３,187078,138.35715,34.919266,187080
用宗駅,止４,187098,138.35704,34.919111,187100
用宗駅,本２４,187129,138.35688,34.918875,187130
用宗駅,本２５,187168,138.356685,34.918547,187170
用宗～焼津,本１,187217,138.356493,34.91818,187215
用宗～焼津,本２,187268,138.356255,34.917726,187270
用宗～焼津,本３,187317,138.356063,34.917354,187315
用宗～焼津,本４,187366,138.355848,34.916942,187365
用宗～焼津,本５,187407,138.355678,34.916611,187405
用宗～焼津,本６,187446,138.355508,34.916281,187445
用宗～焼津,本７,187487,138.355338,34.91595,187485
用宗～焼津,本８,187528,138.35515,34.915574,187530
用宗～焼津,本９,187568,138.355005,34.915235,187570
用宗～焼津,本１０,187608,138.35488,34.914889,187610
用宗～焼津,本１１,187648,138.35478,34.91454,187650
用宗～焼津,本１２,187668,138.35474,34.914364,187670
用宗～焼津,本１３,187734,138.35461,34.913785,187735
用宗～焼津,本１４,187789,138.354515,34.913292,187790
用宗～焼津,本１５,187828,138.35444,34.912938,187830
用宗～焼津,本１６,187868,138.354375,34.912582,187870
用宗～焼津,止１,187898,138.35433,34.912314,187900
用宗～焼津,本１７,187908,138.35432,34.912224,187910
用宗～焼津,本１８,187948,138.354285,34.911863,187950
用宗～焼津,本１９,190222,138.33879,34.897252,190220
用宗～焼津,覆３,190233,138.338648,34.897189,190235
用宗～焼津,覆４,190249,138.338505,34.897126,190250
用宗～焼津,本２０,190252,138.338505,34.897126,190250
用宗～焼津,本２２,190342,138.33766,34.896709,190340
用宗～焼津,本２３,190392,138.337215,34.896444,190390
用宗～焼津,本２４,190437,138.336833,34.896187,190435
用宗～焼津,本２５,190482,138.33647,34.89591,190480
用宗～焼津,本２６,190522,138.33617,34.895654,190520
用宗～焼津,本２７,190562,138.33588,34.895384,190560
用宗～焼津,本２８,190607,138.335568,34.895067,190605
用宗～焼津,本２９,190651,138.33529,34.894735,190650
用宗～焼津,本３０,190697,138.335028,34.894392,190695
用宗～焼津,本３１,190742,138.33478,34.894041,190740
用宗～焼津,本３２,190787,138.334533,34.893688,190785
用宗～焼津,本３３,190832,138.334295,34.893335,190830
用宗～焼津,本３４,190881,138.33403,34.892941,190880
用宗～焼津,本３５,191002,138.33365,34.892383,191000
用宗～焼津,本３６,191052,138.333375,34.891991,191050
用宗～焼津,本３７,191102,138.33311,34.891599,191100
用宗～焼津,本３８,191152,138.332845,34.891203,191150
用宗～焼津,本３９,191202,138.33257,34.890815,191200
用宗～焼津,本４０,191252,138.332305,34.890419,191250
用宗～焼津,本４１,191302,138.33203,34.890023,191300
用宗～焼津,本４２,191352,138.331765,34.88963,191350
用宗～焼津,本４３,191402,138.33149,34.88923,191400
用宗～焼津,本４４,191452,138.33123,34.888846,191450
用宗～焼津,本４５,191498,138.33097,34.888461,191500
用宗～焼津,本４６,191549,138.330695,34.888063,191550
用宗～焼津,本４７,191599,138.33043,34.887673,191600
用宗～焼津,本４８,191649,138.33016,34.88728,191650
用宗～焼津,本４９,191699,138.32989,34.886886,191700
用宗～焼津,本５０,191749,138.329625,34.886494,191750
用宗～焼津,本５１,191799,138.32936,34.8861,191800
用宗～焼津,本５２,191849,138.32909,34.88571,191850
用宗～焼津,注３,191860,138.32904,34.885632,191860
用宗～焼津,注４,191860,138.32904,34.885632,191860
用宗～焼津,注３－１,191879,138.32893,34.885476,191880
用宗～焼津,注４－１,191879,138.32893,34.885476,191880
用宗～焼津,本５３,191901,138.32882,34.885319,191900
用宗～焼津,本５４,191950,138.32857,34.884912,191950
用宗～焼津,本５５,191998,138.32835,34.884501,192000
用宗～焼津,本５６,192048,138.32815,34.88408,192050
用宗～焼津,本５７,192098,138.32796,34.883656,192100
用宗～焼津,本５８,192147,138.327793,34.883275,192145
用宗～焼津,本５９,192192,138.327625,34.882894,192190
用宗～焼津,本６０,192237,138.327458,34.882509,192235
用宗～焼津,本６１,192278,138.32729,34.882128,192280
用宗～焼津,本６２,192318,138.32714,34.881789,192320
用宗～焼津,本６３,192358,138.32699,34.881449,192360
用宗～焼津,本６４,192391,138.32688,34.881195,192390
用宗～焼津,本６５,192439,138.3267,34.88077,192440
用宗～焼津,本６６,192479,138.32656,34.880428,192480
用宗～焼津,本６７,192516,138.326445,34.880126,192515
用宗～焼津,止２,192526,138.326413,34.88004,192525
用宗～焼津,本６８,192556,138.326315,34.879781,192555
用宗～焼津,本６９,192607,138.326175,34.879346,192605
用宗～焼津,本７０,192658,138.32601,34.878867,192660
用宗～焼津,本７１,192709,138.325865,34.878428,192710
用宗～焼津,注６,192754,138.325718,34.878047,192755
用宗～焼津,本７２,192754,138.325718,34.878047,192755
用宗～焼津,本７５,192895,138.325105,34.876891,192895
焼津駅,本１,192945,138.32484,34.876503,192945
焼津駅,本２,192986,138.324605,34.876192,192985
焼津駅,本３,193024,138.324348,34.875895,193025
焼津駅,本４,193062,138.32412,34.875645,193060
焼津駅,本５,193092,138.32391,34.875438,193090
焼津駅,止１,193096,138.323875,34.875404,193095
焼津駅,本６,193124,138.323663,34.875207,193125
焼津駅,本７,193165,138.32335,34.874958,193165
焼津駅,止２,193201,138.32307,34.874753,193200
焼津駅,本８,193203,138.323025,34.874724,193205
焼津駅,本９,193245,138.322673,34.874502,193245
焼津駅,本１０,193277,138.322395,34.874345,193275
焼津駅,本１１,193317,138.322025,34.874145,193315
焼津駅,本１２,193357,138.321675,34.873953,193355
焼津駅,曲１,193377,138.321495,34.873858,193375
焼津駅,本１３,193397,138.321315,34.873762,193395
焼津駅,本１４,193447,138.320855,34.873511,193445
焼津駅,本１５,193488,138.320435,34.873291,193490
焼津駅,曲１－１,193512,138.320245,34.873196,193510
焼津駅,本１６,193540,138.31996,34.873058,193540
焼津駅,本１８,193637,138.319038,34.872644,193635
焼津駅,本１９,193689,138.318505,34.872407,193690
焼津駅,本２０,193756,138.317888,34.872123,193755
焼津駅,本２１,193791,138.317545,34.871977,193790
焼津駅,本２２,193836,138.317128,34.871788,193835
焼津駅,本２４,193916,138.316378,34.871449,193915
焼津駅,本２５,193961,138.31595,34.871247,193960
焼津駅,本２６,194017,138.315428,34.871001,194015
焼津駅,本２７,194057,138.31504,34.87082,194055
焼津駅,止５,194076,138.314848,34.87073,194075
焼津駅,曲３,194096,138.314658,34.87064,194095
焼津駅,本２８,194111,138.314515,34.870575,194110
焼津駅,本２９,194148,138.314135,34.870403,194150
焼津駅,止６,194183,138.3138,34.870249,194185
焼津駅,本３０,194197,138.3137,34.870208,194195
焼津駅,本３１,194247,138.313223,34.869993,194245
焼津～西焼津,本１,194297,138.31274,34.869777,194295
焼津～西焼津,本２,194347,138.312263,34.869563,194345
焼津～西焼津,本３,194398,138.31173,34.86932,194400
焼津～西焼津,本４,194448,138.311255,34.869108,194450
焼津～西焼津,本５,194498,138.31077,34.868894,194500
焼津～西焼津,本６,194545,138.31034,34.8687,194545
焼津～西焼津,注２,194547,138.31034,34.8687,194545
焼津～西焼津,注１－１,194557,138.31024,34.868657,194555
焼津～西焼津,本７,194595,138.309858,34.868485,194595
焼津～西焼津,本８,194643,138.309373,34.868269,194645
焼津～西焼津,本９,194693,138.308898,34.868053,194695
焼津～西焼津,本１０,194743,138.308413,34.867831,194745
焼津～西焼津,本１１,194793,138.30793,34.867623,194795
焼津～西焼津,本１２,194843,138.307453,34.867407,194845
焼津～西焼津,本１３,194874,138.307168,34.867278,194875
焼津～西焼津,本１３ー１,194914,138.306778,34.867106,194915
焼津～西焼津,本１４,194943,138.306493,34.866977,194945
焼津～西焼津,本１５,194993,138.306008,34.866762,194995
焼津～西焼津,本１６,195046,138.305533,34.866546,195045
焼津～西焼津,本１７,195096,138.305048,34.866331,195095
焼津～西焼津,本１８,195146,138.30457,34.866115,195145
焼津～西焼津,本１９,195196,138.304088,34.865894,195195
焼津～西焼津,本２０,195245,138.3036,34.865679,195245
焼津～西焼津,注３－１,195280,138.30326,34.865526,195280
焼津～西焼津,本２１,195287,138.30321,34.865504,195285
焼津～西焼津,本２２,195327,138.302823,34.865332,195325
焼津～西焼津,本２３,195367,138.302443,34.865169,195365
焼津～西焼津,本２４,195407,138.30205,34.865019,195405
焼津～西焼津,本２４－１,195446,138.301648,34.864881,195445
焼津～西焼津,本２５,195477,138.30134,34.864783,195475
焼津～西焼津,本２６,195516,138.300933,34.864654,195515
焼津～西焼津,本２７,195569,138.30037,34.864477,195570
焼津～西焼津,本２８,195609,138.29996,34.864345,195610
焼津～西焼津,本２９,195654,138.2995,34.864204,195655
焼津～西焼津,本３０,195699,138.29904,34.864059,195700
焼津～西焼津,本３１,195750,138.29853,34.863896,195750
焼津～西焼津,本３２,195801,138.29802,34.863738,195800
焼津～西焼津,本３３,195848,138.29751,34.863579,195850
焼津～西焼津,特１,195888,138.297105,34.86345,195890
焼津～西焼津,本３４,195898,138.297,34.863419,195900
焼津～西焼津,本３５,195948,138.29649,34.863257,195950
焼津～西焼津,本３６,195998,138.29597,34.863095,196000
焼津～西焼津,本３７,196039,138.29556,34.862965,196040
焼津～西焼津,本３８,196081,138.29515,34.862836,196080
焼津～西焼津,本３９,196130,138.29464,34.862672,196130
焼津～西焼津,注６,196147,138.294488,34.862628,196145
焼津～西焼津,本４０,196173,138.29418,34.862531,196175
焼津～西焼津,本４１,196207,138.293878,34.862434,196205
焼津～西焼津,本４２,196242,138.29352,34.862322,196240
焼津～西焼津,本４３,196277,138.29316,34.86221,196275
焼津～西焼津,本４４,196302,138.29291,34.86213,196300
焼津～西焼津,本４５,196412,138.29178,34.86177,196410
焼津～西焼津,本４６,196437,138.291523,34.861688,196435
焼津～西焼津,本４７,196467,138.291218,34.861599,196465
焼津～西焼津,本４８,196503,138.290808,34.86147,196505
焼津～西焼津,本４９,196553,138.2903,34.861309,196555
焼津～西焼津,本５０,196603,138.289788,34.861149,196605
焼津～西焼津,本５１,196652,138.28933,34.861006,196650
焼津～西焼津,本５２,196702,138.28882,34.860845,196700
焼津～西焼津,本５３,196752,138.28831,34.860684,196750
焼津～西焼津,本５４,196790,138.2879,34.860556,196790
西焼津駅,特１,196819,138.28759,34.860459,196820
西焼津駅,本１,196844,138.287338,34.860378,196845
西焼津駅,本２,196897,138.28682,34.860215,196895
西焼津駅,本３,196942,138.28636,34.86007,196940
西焼津駅,本４,196987,138.285898,34.859926,196985
西焼津駅,本５,197039,138.28534,34.859749,197040
西焼津駅,本６,197089,138.284825,34.859588,197090
西焼津駅,本７,197139,138.28432,34.859428,197140
西焼津駅,本８,197181,138.28391,34.8593,197180
西焼津駅,本９,197223,138.28345,34.859154,197225
西焼津～藤枝,注１,197251,138.283195,34.859072,197250
西焼津～藤枝,注１－１,197263,138.28304,34.859027,197265
西焼津～藤枝,注２－１,197263,138.28304,34.859027,197265
西焼津～藤枝,本１,197265,138.28304,34.859027,197265
西焼津～藤枝,本２,197303,138.28263,34.858895,197305
西焼津～藤枝,本３,197355,138.28212,34.858738,197355
西焼津～藤枝,本４,197404,138.28161,34.858577,197405
西焼津～藤枝,本５,197456,138.2811,34.858416,197455
西焼津～藤枝,本６,197506,138.280588,34.858255,197505
西焼津～藤枝,本７,197555,138.280073,34.858094,197555
西焼津～藤枝,本８,197605,138.279568,34.857933,197605
西焼津～藤枝,本９,197656,138.279053,34.857772,197655
西焼津～藤枝,本１０,197707,138.27854,34.857611,197705
西焼津～藤枝,本１１,197757,138.27803,34.85745,197755
西焼津～藤枝,本１２,197806,138.27752,34.857289,197805
西焼津～藤枝,本１３,197856,138.27701,34.857127,197855
西焼津～藤枝,本１４,197906,138.276498,34.856967,197905
西焼津～藤枝,本１５,197955,138.275983,34.856806,197955
西焼津～藤枝,本１６,198006,138.27547,34.856646,198005
西焼津～藤枝,本１７,198057,138.274963,34.856485,198055
西焼津～藤枝,本１８,198108,138.2744,34.856308,198110
西焼津～藤枝,本１９,198157,138.273943,34.856158,198155
西焼津～藤枝,本２０,198208,138.27338,34.855988,198210
西焼津～藤枝,本２１,198258,138.27287,34.855827,198260
西焼津～藤枝,本２２,198308,138.272355,34.855667,198310
西焼津～藤枝,本２３,198358,138.27185,34.855505,198360
西焼津～藤枝,本２４,198408,138.271335,34.855341,198410
西焼津～藤枝,本２５,198446,138.270978,34.855231,198445
西焼津～藤枝,本２５－１,198484,138.27057,34.855102,198485
西焼津～藤枝,本２６,198531,138.27011,34.854955,198530
西焼津～藤枝,本２７,198568,138.2697,34.85483,198570
西焼津～藤枝,本２８,198608,138.26929,34.854701,198610
西焼津～藤枝,本２９,198657,138.268833,34.854555,198655
西焼津～藤枝,本３０,198707,138.26832,34.854396,198705
西焼津～藤枝,本３１,198757,138.26782,34.854236,198755
西焼津～藤枝,支特１－２,198783,138.26751,34.85414,198785
西焼津～藤枝,特１,198783,138.26751,34.85414,198785
西焼津～藤枝,支特１－３,198788,138.26746,34.854125,198790
西焼津～藤枝,特１－１,198788,138.26746,34.854125,198790
西焼津～藤枝,本３２,198806,138.26731,34.854077,198805
西焼津～藤枝,特３,198808,138.26726,34.854061,198810
西焼津～藤枝,特４,198808,138.26726,34.854061,198810
西焼津～藤枝,特５,198808,138.26726,34.854061,198810
西焼津～藤枝,本３３,198858,138.26675,34.853899,198860
西焼津～藤枝,本３４,198908,138.266235,34.853737,198910
西焼津～藤枝,本３５,198957,138.26577,34.853591,198955
西焼津～藤枝,本３６,199005,138.265258,34.853426,199005
西焼津～藤枝,本３７,199046,138.264838,34.853298,199045
西焼津～藤枝,本３８,199086,138.264418,34.853166,199085
西焼津～藤枝,注５,199100,138.26426,34.853116,199100
西焼津～藤枝,注６,199100,138.26426,34.853116,199100
西焼津～藤枝,注５－１,199117,138.26411,34.853067,199115
西焼津～藤枝,注６－１,199117,138.26411,34.853067,199115
西焼津～藤枝,本３９,199126,138.26401,34.853035,199125
西焼津～藤枝,本４０,199166,138.26361,34.852907,199165
西焼津～藤枝,本４１,199207,138.26321,34.852787,199205
西焼津～藤枝,本４２,199255,138.262703,34.852625,199255
西焼津～藤枝,本４３,199305,138.26219,34.852464,199305
西焼津～藤枝,本４４,199355,138.26168,34.852303,199355
西焼津～藤枝,本４５,199405,138.261168,34.852142,199405
西焼津～藤枝,本４６,199456,138.260653,34.851981,199455
西焼津～藤枝,本４７,199505,138.26014,34.85182,199505
西焼津～藤枝,本４８,199554,138.25963,34.851658,199555
西焼津～藤枝,注８,199574,138.259423,34.851593,199575
西焼津～藤枝,本４９,199606,138.259118,34.851495,199605
藤枝駅,本１,199655,138.25861,34.85133,199655
藤枝駅,本２,199705,138.2581,34.85116,199705
藤枝駅,本３,199755,138.25759,34.850987,199755
藤枝駅,本４,199805,138.25708,34.85082,199805
藤枝駅,止１,199818,138.25693,34.85077,199820
藤枝駅,本５,199856,138.256573,34.850659,199855
藤枝駅,止２,199886,138.25627,34.850556,199885
藤枝駅,本６,199906,138.256068,34.850499,199905
藤枝駅,本７,199947,138.255658,34.850365,199945
藤枝駅,本８,199996,138.255143,34.850191,199995
藤枝駅,本９,200034,138.25474,34.850049,200035
藤枝駅,曲１,200056,138.25454,34.849981,200055
藤枝駅,本１０,200076,138.25434,34.849912,200075
藤枝駅,特１,200080,138.25429,34.849894,200080
藤枝駅,本１１,200116,138.25394,34.849771,200115
藤枝駅,本１２,200157,138.25353,34.849635,200155
藤枝駅,本１３,200206,138.25302,34.849468,200205
藤枝駅,本１４,200241,138.25267,34.849355,200240
藤枝駅,本１５,200301,138.25206,34.849163,200300
藤枝駅,本１６,200331,138.25175,34.849066,200330
藤枝駅,本１７,200372,138.25134,34.84894,200370
藤枝駅,本１８,200414,138.250873,34.848812,200415
藤枝駅,本１９,200454,138.250453,34.848704,200455
藤枝駅,本２０,200494,138.250033,34.848598,200495
藤枝駅,本２１,200538,138.24957,34.848475,200540
藤枝駅,本２２,200581,138.24915,34.848354,200580
藤枝駅,本２３,200623,138.248688,34.84821,200625
藤枝駅,本２４,200673,138.248173,34.848046,200675
藤枝駅,本２５,200723,138.24766,34.847883,200725
藤枝駅,本２６,200772,138.2472,34.84774,200770
藤枝駅,本２７,200822,138.2467,34.847581,200820
藤枝駅,止３,200838,138.24649,34.847518,200840
藤枝駅,本２８,200862,138.24629,34.847454,200860
藤枝駅,本２９,200912,138.24578,34.847294,200910
