“®‰ælon,“®‰ælat,“®‰ætime,“®‰æsec,kilolon,kilolat,kilometer
138.3894447,34.97268862,0:00:00,0,138.389638,34.972065,180195
138.3894447,34.97268862,0:00:01,1,138.389638,34.972065,180195
138.3894447,34.97268862,0:00:02,2,138.389638,34.972065,180195
138.3894447,34.97268862,0:00:03,3,138.389638,34.972065,180195
138.3894447,34.97268862,0:00:04,4,138.389638,34.972065,180195
138.3894447,34.97268862,0:00:05,5,138.389638,34.972065,180195
138.3894447,34.97268862,0:00:06,6,138.389638,34.972065,180195
138.3894447,34.97268862,0:00:07,7,138.389638,34.972065,180195
138.3894433,34.97268204,0:00:08,8,138.389638,34.972065,180195
138.3894384,34.97267954,0:00:09,9,138.389638,34.972065,180195
138.389435,34.97267728,0:00:10,10,138.389638,34.972065,180195
138.3894323,34.97267589,0:00:11,11,138.38959,34.97204,180200
138.38943,34.97267151,0:00:12,12,138.38959,34.97204,180200
138.3894282,34.97266785,0:00:13,13,138.38959,34.97204,180200
138.3894269,34.97266494,0:00:14,14,138.38959,34.97204,180200
138.389426,34.97266273,0:00:15,15,138.38959,34.97204,180200
138.3894254,34.97266113,0:00:16,16,138.38959,34.97204,180200
138.3894251,34.97266005,0:00:17,17,138.38959,34.97204,180200
138.3894251,34.97265939,0:00:18,18,138.38959,34.97204,180200
138.3894251,34.97265908,0:00:19,19,138.38959,34.97204,180200
138.3894254,34.97265905,0:00:20,20,138.38959,34.97204,180200
138.3894351,34.97264256,0:00:21,21,138.38959,34.97204,180200
138.3894457,34.97262838,0:00:22,22,138.38959,34.97204,180200
138.3894546,34.97261678,0:00:23,23,138.389638,34.972065,180195
138.3894619,34.97260755,0:00:24,24,138.389638,34.972065,180195
138.3894678,34.97260042,0:00:25,25,138.389638,34.972065,180195
138.3894723,34.97259513,0:00:26,26,138.389638,34.972065,180195
138.3894757,34.97259143,0:00:27,27,138.389638,34.972065,180195
138.3894782,34.97258905,0:00:28,28,138.389638,34.972065,180195
138.3894798,34.97258776,0:00:29,29,138.389638,34.972065,180195
138.3894807,34.97258733,0:00:30,30,138.389638,34.972065,180195
138.3894811,34.97258756,0:00:31,31,138.389638,34.972065,180195
138.3895403,34.97259435,0:00:32,32,138.389685,34.97209,180190
138.3895961,34.97260251,0:00:33,33,138.389733,34.972115,180185
138.3896604,34.97262084,0:00:34,34,138.389825,34.972165,180175
138.3897377,34.97264549,0:00:35,35,138.38987,34.972189,180170
138.3898231,34.97267731,0:00:36,36,138.38996,34.972238,180160
138.3899223,34.97271665,0:00:37,37,138.39005,34.972284,180150
138.390022,34.97276251,0:00:38,38,138.39014,34.97233,180140
138.3901164,34.97281915,0:00:39,39,138.390235,34.972383,180130
138.3902228,34.97288424,0:00:40,40,138.390375,34.97246,180115
138.3903464,34.9729512,0:00:41,41,138.390465,34.972509,180105
138.3905183,34.97303268,0:00:42,42,138.390645,34.972608,180085
138.3907118,34.9731166,0:00:43,43,138.390833,34.972707,180065
138.3909319,34.97320712,0:00:44,44,138.39106,34.97283,180040
138.3911764,34.97330861,0:00:45,45,138.391288,34.972952,180015
138.3914158,34.97340988,0:00:46,46,138.39152,34.973073,179990
138.3916471,34.97350887,0:00:47,47,138.391753,34.973191,179965
138.3918946,34.97361847,0:00:48,48,138.39199,34.973309,179940
138.3921384,34.97372355,0:00:49,49,138.392218,34.973428,179915
138.3923901,34.97383555,0:00:50,50,138.392455,34.973545,179890
138.392641,34.97395429,0:00:51,51,138.39273,34.973687,179860
138.3928954,34.97407427,0:00:52,52,138.392968,34.973805,179835
138.3931372,34.9741912,0:00:53,53,138.3932,34.973923,179810
138.3933733,34.97430756,0:00:54,54,138.393433,34.974041,179785
138.3936124,34.97442428,0:00:55,55,138.39367,34.974159,179760
138.3938495,34.97453421,0:00:56,56,138.393898,34.974277,179735
138.3940862,34.9746402,0:00:57,57,138.394135,34.974395,179710
138.3943182,34.97474318,0:00:58,58,138.394365,34.974513,179685
138.3945468,34.97484583,0:00:59,59,138.3946,34.97463,179660
138.3947795,34.97495542,0:01:00,60,138.394835,34.974749,179635
138.3950084,34.9750605,0:01:01,61,138.395065,34.974866,179610
138.395238,34.97516552,0:01:02,62,138.395303,34.974984,179585
138.3954727,34.9752719,0:01:03,63,138.39553,34.975101,179560
138.3957125,34.97537994,0:01:04,64,138.395768,34.97522,179535
138.3959558,34.97548525,0:01:05,65,138.396005,34.975337,179510
138.3962051,34.9755896,0:01:06,66,138.396235,34.975455,179485
138.3964586,34.97569737,0:01:07,67,138.39647,34.975572,179460
138.3967136,34.97580186,0:01:08,68,138.396755,34.975709,179430
138.3969695,34.97590528,0:01:09,69,138.396993,34.97582,179405
138.3972253,34.97601251,0:01:10,70,138.39723,34.97593,179380
138.3974801,34.97611957,0:01:11,71,138.397515,34.976059,179350
138.3977374,34.97622783,0:01:12,72,138.39776,34.976168,179325
138.3979973,34.97633653,0:01:13,73,138.398,34.976276,179300
138.3982529,34.97644666,0:01:14,74,138.398285,34.976406,179270
138.3985067,34.97655787,0:01:15,75,138.39853,34.976514,179245
138.3987592,34.97666719,0:01:16,76,138.39877,34.97662,179220
138.3990117,34.9767747,0:01:17,77,138.399008,34.97673,179195
138.3992618,34.97687838,0:01:18,78,138.39925,34.976837,179170
138.3995133,34.97698022,0:01:19,79,138.39954,34.976966,179140
138.3997596,34.97707994,0:01:20,80,138.399778,34.977075,179115
138.4000042,34.97717931,0:01:21,81,138.400015,34.977182,179090
138.4002491,34.97727978,0:01:22,82,138.40026,34.977289,179065
138.4004941,34.97738348,0:01:23,83,138.4005,34.977398,179040
138.4007466,34.97749115,0:01:24,84,138.400738,34.977506,179015
138.4010007,34.97760118,0:01:25,85,138.40102,34.97763,178930
138.4012541,34.97771088,0:01:26,86,138.401263,34.977734,178905
138.4015036,34.97781602,0:01:27,87,138.4015,34.97783,178880
138.401755,34.97792368,0:01:28,88,138.40175,34.977935,178855
138.4020169,34.97803638,0:01:29,89,138.401995,34.97803,178830
138.4022686,34.978145,0:01:30,90,138.40229,34.978142,178800
138.4025194,34.97825241,0:01:31,91,138.40254,34.978233,178775
138.402772,34.97835476,0:01:32,92,138.402795,34.978319,178750
138.4030256,34.97845638,0:01:33,93,138.40305,34.97841,178725
138.4032911,34.9785554,0:01:34,94,138.40329,34.978505,178700
138.4035574,34.97865716,0:01:35,95,138.40359,34.978616,178670
138.4038157,34.97875679,0:01:36,96,138.403848,34.978707,178645
138.4040742,34.97885579,0:01:37,97,138.4041,34.97879,178620
138.4043358,34.97892009,0:01:38,98,138.40435,34.978889,178595
138.4048067,34.97907806,0:01:42,102,138.40479,34.979063,178550
138.4052389,34.97922767,0:01:43,103,138.40523,34.979252,178505
138.405635,34.97939566,0:01:44,104,138.405603,34.979431,178465
138.4060075,34.97956055,0:01:45,105,138.405975,34.979625,178425
138.4063837,34.97973519,0:01:46,106,138.406335,34.979831,178385
138.4067421,34.97990957,0:01:47,107,138.406685,34.980047,178345
138.407057,34.98008872,0:01:48,108,138.406985,34.980235,178310
138.4073629,34.98027456,0:01:49,109,138.407283,34.980439,178275
138.407637,34.98045932,0:01:50,110,138.40758,34.980638,178240
138.4078722,34.98062912,0:01:51,111,138.407793,34.980778,178215
138.4080877,34.98079318,0:01:52,112,138.408055,34.980947,178185
138.4082962,34.98094678,0:01:53,113,138.408228,34.98106,178165
138.4085033,34.98109669,0:01:54,114,138.40844,34.981201,178140
138.4087076,34.98124164,0:01:55,115,138.408653,34.981342,178115
138.4089128,34.98138475,0:01:56,116,138.408865,34.981484,178090
138.4091177,34.98152463,0:01:57,117,138.409078,34.981624,178065
138.4093165,34.98166605,0:01:58,118,138.40929,34.981764,178040
138.409509,34.98180951,0:01:59,119,138.40946,34.981877,178020
138.4096995,34.98194799,0:02:00,120,138.409673,34.982017,177995
138.4098894,34.98208143,0:02:01,121,138.409885,34.982159,177970
138.4100749,34.98221654,0:02:02,122,138.410055,34.982272,177950
138.4102585,34.9823489,0:02:03,123,138.41023,34.982385,177930
138.4104418,34.98247611,0:02:04,124,138.410448,34.982523,177905
138.4106163,34.98259907,0:02:05,125,138.410618,34.982638,177885
138.4107899,34.98271931,0:02:06,126,138.410788,34.982751,177865
138.4109584,34.98283924,0:02:07,127,138.410958,34.982862,177845
138.4111184,34.98295495,0:02:08,128,138.411135,34.982973,177825
138.4112708,34.98306338,0:02:09,129,138.411265,34.983055,177810
138.4114207,34.98317054,0:02:10,130,138.41144,34.983163,177790
138.4115675,34.98327248,0:02:11,131,138.411573,34.983244,177775
138.4117102,34.98337296,0:02:12,132,138.4117,34.983324,177760
138.4118445,34.98346493,0:02:13,133,138.41188,34.98343,177740
138.4119732,34.98354913,0:02:14,134,138.41197,34.983484,177730
138.4120947,34.98362862,0:02:15,135,138.412103,34.983564,177715
138.4122093,34.98370582,0:02:16,136,138.41223,34.983644,177700
138.412316,34.98377189,0:02:17,137,138.41232,34.983697,177690
138.4124226,34.98383753,0:02:18,138,138.412455,34.983777,177675
138.4125305,34.98390116,0:02:19,139,138.412545,34.98383,177665
138.4126299,34.98394876,0:02:20,140,138.412633,34.983884,177655
138.4127165,34.98400052,0:02:21,141,138.412718,34.983937,177645
138.4127819,34.98405406,0:02:22,142,138.412805,34.98399,177635
138.4128426,34.98410451,0:02:23,143,138.41285,34.984017,177630
138.4129057,34.98414529,0:02:24,144,138.41294,34.98407,177620
138.4129624,34.98417559,0:02:25,145,138.412983,34.984095,177615
138.4130123,34.98420541,0:02:26,146,138.413025,34.98412,177610
138.4130645,34.98423373,0:02:27,147,138.41311,34.98417,177600
138.4131092,34.98425762,0:02:28,148,138.413155,34.984198,177595
138.4131489,34.9842674,0:02:29,149,138.413155,34.984198,177595
138.4131794,34.98426735,0:02:30,150,138.4132,34.984227,177590
138.413207,34.98426819,0:02:31,151,138.4132,34.984227,177590
138.4132276,34.98427081,0:02:32,152,138.413245,34.984255,177585
138.41325,34.98427198,0:02:33,153,138.413245,34.984255,177585
138.4132704,34.98427361,0:02:34,154,138.41329,34.984283,177580
138.4132791,34.98427667,0:02:35,155,138.41329,34.984283,177580
138.413281,34.98428636,0:02:36,156,138.41329,34.984283,177580
138.4132786,34.98429527,0:02:37,157,138.41329,34.984283,177580
138.4132725,34.98430746,0:02:38,158,138.41329,34.984283,177580
138.4132654,34.98431679,0:02:39,159,138.41329,34.984283,177580
138.4132558,34.98433037,0:02:40,160,138.41329,34.984283,177580
138.4132422,34.98434387,0:02:41,161,138.41329,34.984283,177580
138.4132343,34.98435777,0:02:42,162,138.413245,34.984255,177585
138.4132232,34.98436083,0:02:43,163,138.413245,34.984255,177585
138.4132121,34.98436117,0:02:44,164,138.413245,34.984255,177585
138.4132013,34.98435964,0:02:45,165,138.413245,34.984255,177585
138.4131912,34.98435677,0:02:46,166,138.413245,34.984255,177585
138.4131819,34.98435299,0:02:47,167,138.4132,34.984227,177590
138.4131737,34.98434864,0:02:48,168,138.4132,34.984227,177590
138.4131664,34.98434403,0:02:49,169,138.4132,34.984227,177590
138.4131602,34.98433937,0:02:50,170,138.4132,34.984227,177590
138.413155,34.98433484,0:02:51,171,138.4132,34.984227,177590
138.4131507,34.98433057,0:02:52,172,138.4132,34.984227,177590
138.4131472,34.98432663,0:02:53,173,138.4132,34.984227,177590
138.4131445,34.98432309,0:02:54,174,138.4132,34.984227,177590
138.4131425,34.98431997,0:02:55,175,138.4132,34.984227,177590
138.413141,34.98431727,0:02:56,176,138.4132,34.984227,177590
138.41314,34.98431499,0:02:57,177,138.413155,34.984198,177595
138.4131394,34.9843131,0:02:58,178,138.413155,34.984198,177595
138.4131392,34.98431157,0:02:59,179,138.413155,34.984198,177595
138.4131392,34.98431036,0:03:00,180,138.413155,34.984198,177595
138.4131393,34.98430944,0:03:01,181,138.413155,34.984198,177595
138.4131396,34.98430877,0:03:02,182,138.413155,34.984198,177595
138.41314,34.98430831,0:03:03,183,138.413155,34.984198,177595
138.4131405,34.98430802,0:03:04,184,138.413155,34.984198,177595
138.413141,34.98430787,0:03:05,185,138.413155,34.984198,177595
138.4131415,34.98430784,0:03:06,186,138.413155,34.984198,177595
138.4131419,34.98430789,0:03:07,187,138.413155,34.984198,177595
138.4131424,34.98430801,0:03:08,188,138.413155,34.984198,177595
138.4131428,34.98430817,0:03:09,189,138.413155,34.984198,177595
138.4131432,34.98430835,0:03:10,190,138.4132,34.984227,177590
138.4131435,34.98430855,0:03:11,191,138.4132,34.984227,177590
138.4131438,34.98430875,0:03:12,192,138.4132,34.984227,177590
138.413144,34.98430895,0:03:13,193,138.4132,34.984227,177590
138.4131442,34.98430914,0:03:14,194,138.4132,34.984227,177590
138.4131444,34.98430931,0:03:15,195,138.4132,34.984227,177590
138.4131445,34.98430947,0:03:16,196,138.4132,34.984227,177590
138.4131446,34.98430961,0:03:17,197,138.4132,34.984227,177590
138.4131446,34.98430973,0:03:18,198,138.4132,34.984227,177590
138.4131447,34.98430983,0:03:19,199,138.4132,34.984227,177590
138.4131807,34.98433111,0:03:20,200,138.4132,34.984227,177590
138.413212,34.984351,0:03:21,201,138.413245,34.984255,177585
138.4132382,34.98436802,0:03:22,202,138.41329,34.984283,177580
138.4132593,34.98438178,0:03:23,203,138.41329,34.984283,177580
138.4132759,34.98439259,0:03:24,204,138.41329,34.984283,177580
138.4132884,34.98440081,0:03:25,205,138.413335,34.98431,177575
138.4132975,34.98440679,0:03:26,206,138.413335,34.98431,177575
138.4133036,34.98441087,0:03:27,207,138.413335,34.98431,177575
138.4133073,34.98441339,0:03:28,208,138.413335,34.98431,177575
138.4133091,34.98441463,0:03:29,209,138.413335,34.98431,177575
138.4133093,34.98441487,0:03:30,210,138.413335,34.98431,177575
138.4133084,34.98441434,0:03:31,211,138.413335,34.98431,177575
138.4133066,34.98441326,0:03:32,212,138.413335,34.98431,177575
138.4133042,34.9844118,0:03:33,213,138.413335,34.98431,177575
138.4133015,34.9844101,0:03:34,214,138.413335,34.98431,177575
138.4132987,34.98440827,0:03:35,215,138.413335,34.98431,177575
138.4132984,34.98440663,0:03:36,216,138.413335,34.98431,177575
138.4132977,34.98440617,0:03:37,217,138.413335,34.98431,177575
138.4132986,34.98440564,0:03:38,218,138.413335,34.98431,177575
138.4133052,34.98440635,0:03:39,219,138.413335,34.98431,177575
138.4134382,34.9844776,0:03:40,220,138.41347,34.984391,177560
138.4135955,34.98456437,0:03:41,221,138.41364,34.984498,177540
138.4137821,34.98466687,0:03:42,222,138.41382,34.984605,177520
138.4139786,34.98478748,0:03:43,223,138.414,34.984712,177500
138.4141807,34.98491516,0:03:44,224,138.414215,34.984844,177475
138.4143902,34.98504933,0:03:45,225,138.41444,34.984976,177450
138.4146032,34.98518868,0:03:46,226,138.414615,34.985086,177430
138.4148221,34.9853368,0:03:47,227,138.414835,34.985219,177405
138.415047,34.98547936,0:03:48,228,138.415103,34.985379,177375
138.4152757,34.98560974,0:03:49,229,138.41532,34.985511,177350
138.4155136,34.98573397,0:03:50,230,138.415545,34.98564,177325
138.4157549,34.98585196,0:03:51,231,138.41577,34.985768,177300
138.4160054,34.98598325,0:03:52,232,138.416045,34.985917,177270
138.4162559,34.98611358,0:03:53,233,138.416275,34.986037,177245
138.4165068,34.9862411,0:03:54,234,138.41651,34.98615,177220
138.4167531,34.98637462,0:03:55,235,138.416795,34.986287,177190
138.4169931,34.98652061,0:03:56,236,138.417033,34.986396,177165
138.4172258,34.9866766,0:03:57,237,138.41728,34.986502,177140
138.4174524,34.98683538,0:03:58,238,138.41752,34.986605,177115
138.4176764,34.98699426,0:03:59,239,138.417765,34.986708,177090
138.4178951,34.98716017,0:04:00,240,138.41796,34.98679,177070
138.4181123,34.98732514,0:04:01,241,138.418203,34.986893,177045
138.4183282,34.98749073,0:04:02,242,138.41845,34.986996,177020
138.4185425,34.98765552,0:04:03,243,138.418688,34.987102,176995
138.4187573,34.98782412,0:04:04,244,138.418925,34.98721,176970
138.4189734,34.98799128,0:04:05,245,138.419163,34.987322,176945
138.4191892,34.98816054,0:04:06,246,138.4194,34.987438,176920
138.4194096,34.98832382,0:04:07,247,138.419628,34.987554,176895
138.4196312,34.98848704,0:04:08,248,138.41986,34.98767,176870
138.4198547,34.98864845,0:04:09,249,138.42013,34.98783,176840
138.4200768,34.98880757,0:04:10,250,138.420355,34.987959,176815
138.4202982,34.98896334,0:04:11,251,138.420575,34.988089,176790
138.4205144,34.98912399,0:04:12,252,138.42084,34.988255,176760
138.4207328,34.98927875,0:04:13,253,138.421053,34.988394,176735
138.4209522,34.98943147,0:04:14,254,138.421265,34.988536,176710
138.4211741,34.98957884,0:04:15,255,138.42152,34.988705,176680
138.4213926,34.98973129,0:04:16,256,138.4217,34.988817,176660
138.4216088,34.98988552,0:04:17,257,138.421955,34.988986,176630
138.4218283,34.99004212,0:04:18,258,138.422168,34.989127,176605
138.4220473,34.99019397,0:04:19,259,138.42238,34.989268,176580
138.4222689,34.99033936,0:04:20,260,138.422593,34.989408,176555
138.4224873,34.99047865,0:04:21,261,138.422805,34.989549,176530
138.4227041,34.99061768,0:04:22,262,138.42306,34.989718,176500
138.4229174,34.99075635,0:04:23,263,138.423273,34.989859,176475
138.4231269,34.99089147,0:04:24,264,138.423485,34.990005,176450
138.4233393,34.99102371,0:04:25,265,138.423655,34.990123,176430
138.4235488,34.99115887,0:04:26,266,138.4239,34.990301,176400
138.4237592,34.99129438,0:04:27,267,138.42414,34.990484,176370
138.4239696,34.99143116,0:04:28,268,138.42434,34.990643,176345
138.4241796,34.99156603,0:04:29,269,138.42454,34.990801,176320
138.4243909,34.99170184,0:04:30,270,138.424738,34.990959,176295
138.424603,34.99183592,0:04:31,271,138.42493,34.991119,176270
138.4248127,34.99197081,0:04:32,272,138.42513,34.991271,176245
138.4250217,34.99210514,0:04:33,273,138.42532,34.991436,176220
138.4252308,34.99224009,0:04:34,274,138.42552,34.991594,176195
138.4254433,34.99237459,0:04:35,275,138.425715,34.991751,176170
138.4256531,34.99250936,0:04:36,276,138.42591,34.991906,176145
138.4258652,34.99264097,0:04:37,277,138.42611,34.992061,176120
138.4260751,34.99277524,0:04:38,278,138.426308,34.992214,176095
138.4262848,34.99290532,0:04:38,278,138.4265,34.992367,176070
138.4264912,34.9930363,0:04:39,279,138.4267,34.99252,176045
138.426696,34.9931715,0:04:40,280,138.4269,34.992672,176020
138.4268989,34.99330647,0:04:41,281,138.4271,34.992825,175995
138.4271012,34.99343747,0:04:42,282,138.4273,34.992979,175970
138.4273027,34.99356593,0:04:43,283,138.4275,34.993132,175945
138.4275041,34.99369376,0:04:44,284,138.4277,34.993286,175920
138.4277004,34.9938192,0:04:45,285,138.4279,34.993433,175895
138.427896,34.99394438,0:04:46,286,138.428063,34.993563,175875
138.428089,34.99407038,0:04:47,287,138.42823,34.993686,175855
138.4282815,34.99419433,0:04:48,288,138.42843,34.99384,175830
138.4284704,34.99431632,0:04:49,289,138.42863,34.993993,175805
138.4286592,34.9944387,0:04:50,290,138.42879,34.994111,175785
138.4288505,34.99455642,0:04:51,291,138.42899,34.99427,175760
138.4290397,34.99467277,0:04:52,292,138.42915,34.994393,175740
138.4292297,34.99478826,0:04:53,293,138.42935,34.994546,175715
138.4294142,34.99490785,0:04:54,294,138.42951,34.994669,175695
138.4296011,34.99502762,0:04:55,295,138.42971,34.994821,175670
138.429789,34.9951451,0:04:56,296,138.42987,34.994944,175650
138.429972,34.99526186,0:04:57,297,138.43003,34.995069,175630
138.4301547,34.99537894,0:04:59,299,138.43023,34.995222,175605
138.430336,34.99549529,0:05:00,300,138.43039,34.995346,175585
138.4305161,34.99561179,0:05:01,301,138.43059,34.995501,175560
138.4306944,34.9957269,0:05:02,302,138.43076,34.995626,175540
138.4308698,34.99584188,0:05:03,303,138.43092,34.995749,175520
138.4310442,34.99595589,0:05:04,304,138.43108,34.995874,175500
138.4312125,34.99607305,0:05:05,305,138.43124,34.995998,175480
138.4313804,34.9961883,0:05:06,306,138.43141,34.99612,175460
138.4315472,34.99630331,0:05:07,307,138.43157,34.996245,175440
138.4317109,34.99641899,0:05:08,308,138.43173,34.996367,175420
138.4318748,34.9965345,0:05:09,309,138.4319,34.996488,175400
138.4320388,34.99664751,0:05:10,310,138.43207,34.996607,175380
138.4322016,34.99675681,0:05:11,311,138.43223,34.99672,175360
138.43236,34.99686867,0:05:12,312,138.432365,34.99681,175345
138.432522,34.99697647,0:05:13,313,138.432538,34.996928,175325
138.4326834,34.99708492,0:05:14,314,138.432708,34.997042,175305
138.4328467,34.99719216,0:05:15,315,138.432878,34.997154,175285
138.4330103,34.99729853,0:05:16,316,138.43301,34.997238,175270
138.4331752,34.99740402,0:05:17,317,138.433185,34.997349,175250
138.4333388,34.99750325,0:05:18,318,138.433355,34.99746,175230
138.4335028,34.99760299,0:05:19,319,138.433525,34.997568,175210
138.4336661,34.99770889,0:05:20,320,138.4337,34.997679,175190
138.4338244,34.99781472,0:05:21,321,138.433833,34.997765,175175
138.4339856,34.99791828,0:05:22,322,138.434003,34.997876,175155
138.4341453,34.99802146,0:05:23,323,138.434175,34.997987,175135
138.4343035,34.99812391,0:05:24,324,138.43431,34.998069,175120
138.4344648,34.99822542,0:05:25,325,138.43448,34.99818,175100
138.4346269,34.9983313,0:05:26,326,138.43465,34.998291,175080
138.4347857,34.9984351,0:05:27,327,138.43482,34.998402,175060
138.4349406,34.99853653,0:05:28,328,138.434955,34.998485,175045
138.4350957,34.99864038,0:05:29,329,138.435128,34.998596,175025
138.4352524,34.99874457,0:05:30,330,138.435255,34.99868,175010
138.435405,34.9988488,0:05:31,331,138.43543,34.998791,174990
138.435557,34.99895451,0:05:32,332,138.435563,34.998875,174975
138.4357102,34.99905912,0:05:33,333,138.435733,34.998986,174955
138.4358703,34.99916077,0:05:34,334,138.435905,34.999097,174935
138.4360295,34.99926313,0:05:35,335,138.43604,34.99918,174920
138.4361966,34.99936187,0:05:36,336,138.43621,34.999291,174900
138.4363652,34.9994584,0:05:37,337,138.43639,34.999403,174880
138.4365295,34.99955483,0:05:38,338,138.43656,34.999512,174860
138.436694,34.99965326,0:05:39,339,138.436695,34.999594,174845
138.4368575,34.99975487,0:05:40,340,138.436875,34.999701,174825
138.4370202,34.99985744,0:05:41,341,138.437055,34.999808,174805
138.4371836,34.99996112,0:05:42,342,138.43719,34.999888,174790
138.4373488,35.00006448,0:05:43,343,138.43737,34.999997,174770
138.4375188,35.00017207,0:05:44,344,138.437545,35.000107,174750
138.437689,35.00028071,0:05:45,345,138.43772,35.000219,174730
138.4378565,35.00038844,0:05:46,346,138.437895,35.000331,174710
138.438023,35.00050075,0:05:47,347,138.438065,35.000442,174690
138.4381882,35.00061616,0:05:48,348,138.438235,35.000553,174670
138.4383554,35.00073372,0:05:49,349,138.438405,35.000663,174650
138.4385243,35.00085029,0:05:50,350,138.438535,35.000746,174635
138.4386925,35.00096432,0:05:51,351,138.438713,35.000856,174615
138.4388616,35.00107389,0:05:52,352,138.438883,35.000966,174595
138.4390301,35.00118084,0:05:53,353,138.439053,35.001077,174575
138.4391986,35.00128512,0:05:54,354,138.439225,35.001188,174555
138.4393685,35.00139166,0:05:55,355,138.439403,35.001298,174535
138.4395391,35.00149919,0:05:56,356,138.439573,35.001408,174515
138.4397073,35.00160688,0:05:57,357,138.439743,35.001521,174495
138.4398747,35.0017127,0:05:58,358,138.439915,35.001631,174475
138.4400286,35.00181546,0:05:59,359,138.44005,35.001713,174460
138.4401795,35.00191242,0:06:00,360,138.44022,35.001823,174440
138.4403245,35.0020063,0:06:01,361,138.440348,35.001906,174425
138.4404618,35.00209608,0:06:02,362,138.440475,35.001987,174410
138.4405923,35.00218714,0:06:03,363,138.44065,35.002097,174390
138.4407162,35.00227396,0:06:04,364,138.44074,35.002154,174380
138.4408353,35.00235638,0:06:05,365,138.440868,35.002237,174365
138.440946,35.00243119,0:06:06,366,138.440995,35.00232,174350
138.4410431,35.00250059,0:06:07,367,138.44108,35.002375,174340
138.4411287,35.00256406,0:06:08,368,138.44117,35.002428,174330
138.4412134,35.00261755,0:06:09,369,138.44126,35.00248,174320
138.4412923,35.00266336,0:06:10,370,138.441345,35.002539,174310
138.441363,35.00269916,0:06:11,371,138.441388,35.002569,174305
138.4414281,35.00272732,0:06:12,372,138.441475,35.002626,174295
138.441483,35.00275441,0:06:12,372,138.44152,35.002654,174290
138.4415308,35.0027769,0:06:13,373,138.441565,35.002681,174285
138.4415745,35.00279321,0:06:14,374,138.44161,35.002709,174280
138.4416111,35.00280388,0:06:15,375,138.441653,35.002737,174275
138.4416437,35.00281477,0:06:16,376,138.441653,35.002737,174275
138.4416602,35.00281749,0:06:17,377,138.441695,35.002765,174270
138.4416415,35.00279409,0:06:18,378,138.441653,35.002737,174275
138.4416177,35.00276701,0:06:19,379,138.441653,35.002737,174275
138.4415907,35.00273958,0:06:20,380,138.44161,35.002709,174280
138.4415627,35.00271361,0:06:21,381,138.441565,35.002681,174285
138.4415347,35.00268913,0:06:22,382,138.44152,35.002654,174290
138.4415085,35.00266703,0:06:23,383,138.44152,35.002654,174290
138.4414883,35.00264945,0:06:24,384,138.441475,35.002626,174295
138.4414743,35.00263669,0:06:25,385,138.441475,35.002626,174295
138.441461,35.00262698,0:06:26,386,138.441475,35.002626,174295
138.441454,35.00261574,0:06:27,387,138.441475,35.002626,174295
138.4414599,35.00259722,0:06:28,388,138.441475,35.002626,174295
138.441483,35.00265471,0:06:29,389,138.441475,35.002626,174295
138.4415085,35.00271092,0:06:30,390,138.44152,35.002654,174290
138.4415366,35.00276722,0:06:31,391,138.441565,35.002681,174285
138.4415837,35.00281341,0:06:32,392,138.44161,35.002709,174280
138.4415618,35.00278944,0:06:33,393,138.44161,35.002709,174280
138.4415413,35.00276688,0:06:34,394,138.441565,35.002681,174285
138.4415227,35.00274617,0:06:35,395,138.441565,35.002681,174285
138.441506,35.00272758,0:06:36,396,138.44152,35.002654,174290
138.4414915,35.00271123,0:06:38,398,138.44152,35.002654,174290
138.4414791,35.00269713,0:06:39,399,138.44152,35.002654,174290
138.4414686,35.00268522,0:06:40,400,138.441475,35.002626,174295
138.44146,35.00267538,0:06:41,401,138.441475,35.002626,174295
138.4414532,35.00266743,0:06:42,402,138.441475,35.002626,174295
138.4414479,35.00266119,0:06:43,403,138.441475,35.002626,174295
138.4414439,35.00265646,0:06:44,404,138.441475,35.002626,174295
138.441441,35.00265302,0:06:45,405,138.441475,35.002626,174295
138.4414391,35.00265068,0:06:46,406,138.441475,35.002626,174295
138.441438,35.00264925,0:06:47,407,138.44143,35.002598,174300
138.4414376,35.00264855,0:06:48,408,138.44143,35.002598,174300
138.4414376,35.00264843,0:06:49,409,138.44143,35.002598,174300
138.441438,35.00264876,0:06:50,410,138.44143,35.002598,174300
138.4414387,35.0026494,0:06:51,411,138.44143,35.002598,174300
138.4414395,35.00265026,0:06:52,412,138.441475,35.002626,174295
138.4414405,35.00265125,0:06:53,413,138.441475,35.002626,174295
138.4414415,35.00265232,0:06:54,414,138.441475,35.002626,174295
138.4414425,35.00265339,0:06:55,415,138.441475,35.002626,174295
138.4414435,35.00265445,0:06:56,416,138.441475,35.002626,174295
138.4414444,35.00265544,0:06:57,417,138.441475,35.002626,174295
138.4414452,35.00265636,0:06:58,418,138.441475,35.002626,174295
138.4414459,35.00265718,0:06:59,419,138.441475,35.002626,174295
138.4414466,35.00265791,0:07:00,420,138.441475,35.002626,174295
138.4414471,35.00265854,0:07:01,421,138.441475,35.002626,174295
138.4414476,35.00265908,0:07:02,422,138.441475,35.002626,174295
138.441448,35.00265952,0:07:03,423,138.441475,35.002626,174295
138.4414483,35.00265988,0:07:04,424,138.441475,35.002626,174295
138.4414485,35.00266017,0:07:05,425,138.441475,35.002626,174295
138.4414487,35.00266039,0:07:06,426,138.441475,35.002626,174295
138.4414489,35.00266055,0:07:07,427,138.441475,35.002626,174295
138.441449,35.00266066,0:07:08,428,138.441475,35.002626,174295
138.441449,35.00266073,0:07:09,429,138.441475,35.002626,174295
138.441449,35.00266076,0:07:10,430,138.441475,35.002626,174295
138.441449,35.00266077,0:07:11,431,138.441475,35.002626,174295
138.441449,35.00266076,0:07:12,432,138.441475,35.002626,174295
138.441449,35.00266073,0:07:13,433,138.441475,35.002626,174295
138.441477,35.00268165,0:07:14,434,138.441475,35.002626,174295
138.4415048,35.00269784,0:07:15,435,138.44152,35.002654,174290
138.44153,35.00271085,0:07:16,436,138.441565,35.002681,174285
138.4415505,35.00272127,0:07:17,437,138.441565,35.002681,174285
138.4415666,35.00272938,0:07:18,438,138.441565,35.002681,174285
138.4415789,35.00273547,0:07:19,439,138.44161,35.002709,174280
138.441588,35.00273982,0:07:20,440,138.44161,35.002709,174280
138.4415942,35.00274272,0:07:21,441,138.44161,35.002709,174280
138.4415981,35.00274441,0:07:22,442,138.44161,35.002709,174280
138.4416001,35.00274514,0:07:23,443,138.44161,35.002709,174280
138.4416006,35.00274512,0:07:24,444,138.44161,35.002709,174280
138.4416209,35.0027709,0:07:25,445,138.441653,35.002737,174275
138.4416402,35.00279922,0:07:26,446,138.441653,35.002737,174275
138.4416639,35.00282634,0:07:27,447,138.441695,35.002765,174270
138.441707,35.00288276,0:07:28,448,138.441738,35.002793,174265
138.4417521,35.00294532,0:07:29,449,138.44178,35.002821,174260
138.4418091,35.00300832,0:07:30,450,138.441865,35.002878,174250
138.4418909,35.00307036,0:07:31,451,138.44195,35.002934,174240
138.4420094,35.00313748,0:07:32,452,138.44204,35.00299,174230
138.4421652,35.00322545,0:07:33,453,138.442215,35.003102,174210
138.4423484,35.00333224,0:07:34,454,138.442385,35.003215,174190
138.4425421,35.003454,0:07:35,455,138.442598,35.003356,174165
138.4427406,35.00357788,0:07:35,455,138.442768,35.003469,174145
138.4429398,35.00370401,0:07:36,456,138.44298,35.00361,174120
138.4431379,35.00382752,0:07:37,457,138.44316,35.003724,174100
138.4433379,35.00395133,0:07:38,458,138.443363,35.003864,174075
138.4435374,35.00407314,0:07:39,459,138.443575,35.004005,174050
138.4437396,35.00419648,0:07:40,460,138.443745,35.004117,174030
138.443941,35.00432568,0:07:41,461,138.443965,35.004256,174005
138.4441396,35.00445333,0:07:42,462,138.44418,35.004393,173980
138.4443389,35.00457675,0:07:43,463,138.44435,35.004504,173960
138.4445372,35.00469505,0:07:44,464,138.444573,35.004644,173935
138.4447325,35.00481153,0:07:45,465,138.444743,35.004755,173915
138.4449281,35.00492659,0:07:46,466,138.44496,35.004894,173890
138.4451196,35.00504495,0:07:47,467,138.445135,35.005005,173870
138.4453147,35.00516667,0:07:48,468,138.44531,35.005117,173850
138.4455106,35.00528431,0:07:49,469,138.445528,35.005255,173825
138.4457091,35.00540721,0:07:50,470,138.445698,35.005367,173805
138.4459095,35.00552765,0:07:51,471,138.44592,35.005506,173780
138.4461193,35.00565807,0:07:52,472,138.446133,35.005639,173755
138.4463299,35.00578895,0:07:53,473,138.44635,35.005783,173730
138.4465413,35.00591496,0:07:54,474,138.446525,35.005894,173710
138.4467531,35.00604735,0:07:55,475,138.446738,35.006032,173685
138.4469709,35.00618577,0:07:56,476,138.44696,35.00617,173660
138.4471947,35.00632527,0:07:57,477,138.447215,35.006337,173630
138.4474257,35.00646699,0:07:58,478,138.447435,35.006475,173605
138.4476607,35.00661422,0:07:59,479,138.44765,35.006613,173580
138.4479025,35.00676871,0:08:00,480,138.44791,35.00678,173550
138.4481459,35.00692336,0:08:01,481,138.448128,35.006918,173525
138.4483932,35.00708036,0:08:02,482,138.448385,35.007084,173495
138.4486418,35.00723848,0:08:03,483,138.448648,35.00725,173465
138.4488899,35.00739843,0:08:04,484,138.448905,35.007418,173435
138.4491427,35.00755814,0:08:05,485,138.449125,35.007557,173410
138.4493979,35.00771691,0:08:06,486,138.44938,35.00772,173380
138.4496577,35.00787979,0:08:07,487,138.449645,35.00789,173350
138.4499117,35.00804717,0:08:08,488,138.4499,35.008056,173320
138.450164,35.00821114,0:08:09,489,138.450165,35.008224,173290
138.4504181,35.00837427,0:08:10,490,138.45042,35.00839,173260
138.450673,35.00853834,0:08:11,491,138.450685,35.008557,173230
138.4509316,35.00870461,0:08:12,492,138.45094,35.008723,173200
138.4511951,35.0088744,0:08:13,493,138.451205,35.00889,173170
138.4514606,35.00904544,0:08:14,494,138.45146,35.009055,173140
138.4517231,35.00921511,0:08:15,495,138.451725,35.009222,173110
138.4519872,35.00938204,0:08:16,496,138.45198,35.009389,173080
138.4522482,35.00954663,0:08:17,497,138.452245,35.009556,173050
138.4525081,35.00970985,0:08:18,498,138.4525,35.009722,173020
138.4527658,35.00987309,0:08:19,499,138.452765,35.009888,172990
138.4530225,35.01003171,0:08:20,500,138.45303,35.010051,172960
138.4532789,35.0101906,0:08:21,501,138.45329,35.010209,172930
138.4535327,35.01034824,0:08:22,502,138.453523,35.010334,172905
138.4537852,35.01050417,0:08:23,503,138.453798,35.010477,172875
138.4540389,35.0106531,0:08:24,504,138.45404,35.010588,172850
138.4542977,35.0107999,0:08:25,505,138.45433,35.010715,172820
138.4545594,35.01094304,0:08:26,506,138.45457,35.010814,172795
138.4548269,35.01107683,0:08:27,507,138.454878,35.010925,172765
138.4551025,35.01120468,0:08:28,508,138.45513,35.011011,172740
138.4553825,35.01132047,0:08:29,509,138.45544,35.011103,172710
138.4556677,35.01142592,0:08:30,510,138.455698,35.011173,172685
138.455959,35.01152033,0:08:31,511,138.456023,35.011243,172655
138.4562541,35.01159906,0:08:32,512,138.456285,35.011303,172630
138.4565506,35.01165641,0:08:33,513,138.456555,35.011352,172605
138.4568518,35.01170441,0:08:34,514,138.456875,35.011401,172575
138.457159,35.01174842,0:08:35,515,138.457205,35.011439,172545
138.4574649,35.01177551,0:08:36,516,138.45748,35.011464,172520
138.4577808,35.01179149,0:08:37,517,138.4578,35.011489,172490
138.4581022,35.01179792,0:08:38,518,138.45813,35.011513,172460
138.4584162,35.01180181,0:08:39,519,138.45846,35.011532,172430
138.4587249,35.01179365,0:08:40,520,138.458735,35.011554,172405
138.4590404,35.01178574,0:08:41,521,138.459063,35.011577,172375
138.4593654,35.0117815,0:08:42,522,138.459385,35.011599,172345
138.4596845,35.01178182,0:08:44,524,138.459715,35.011623,172315
138.459999,35.01178572,0:08:45,525,138.45999,35.011637,172290
138.4603222,35.01178181,0:08:46,526,138.46032,35.011664,172260
138.4606461,35.01177656,0:08:47,527,138.46065,35.011688,172230
138.4609728,35.01177414,0:08:48,528,138.46097,35.01171,172200
138.4613019,35.01177873,0:08:49,529,138.461305,35.011733,172170
138.4616303,35.01178807,0:08:50,530,138.46164,35.011756,172140
138.4619643,35.01180274,0:08:51,531,138.46197,35.011779,172110
138.4622938,35.01182018,0:08:52,532,138.4623,35.011803,172080
138.4626243,35.01184004,0:08:53,533,138.46262,35.011825,172050
138.4629562,35.0118658,0:08:54,534,138.46295,35.011847,172020
138.4632897,35.01189073,0:08:55,535,138.46328,35.011867,171990
138.4636227,35.01191854,0:08:56,536,138.46361,35.01189,171960
138.4639535,35.01195049,0:08:57,537,138.46394,35.011917,171930
138.4642823,35.01198667,0:08:58,538,138.46426,35.01194,171900
138.4646105,35.01202347,0:08:59,539,138.46459,35.011963,171870
138.4649402,35.01205862,0:09:00,540,138.46492,35.011986,171840
138.4652677,35.01209159,0:09:01,541,138.46525,35.012005,171810
138.4656008,35.01211692,0:09:01,541,138.46558,35.01203,171780
138.4659386,35.01213519,0:09:02,542,138.465965,35.012056,171745
138.4662728,35.01215565,0:09:03,543,138.466295,35.01208,171715
138.4666021,35.01217776,0:09:04,544,138.466618,35.012103,171685
138.4669294,35.01219487,0:09:05,545,138.466945,35.012126,171655
138.4672558,35.01221089,0:09:06,546,138.467275,35.012148,171625
138.4675964,35.01222563,0:09:07,547,138.467605,35.012172,171595
138.4679401,35.01224092,0:09:08,548,138.467935,35.012188,171565
138.4682837,35.01225912,0:09:09,549,138.468265,35.012218,171535
138.4686265,35.01227885,0:09:10,550,138.46865,35.012243,171500
138.4689657,35.01230272,0:09:11,551,138.46897,35.012266,171470
138.4692989,35.0123312,0:09:12,552,138.4693,35.012289,171440
138.4696352,35.01235945,0:09:13,553,138.46963,35.012312,171410
138.4699749,35.01238826,0:09:14,554,138.470005,35.012335,171375
138.4703093,35.01241799,0:09:15,555,138.470335,35.012362,171345
138.4706378,35.01244841,0:09:16,556,138.470665,35.012384,171315
138.4709637,35.01247806,0:09:17,557,138.47094,35.012403,171290
138.4712864,35.01250769,0:09:18,558,138.47127,35.012426,171260
138.4716062,35.01253893,0:09:19,559,138.471595,35.012449,171230
138.4719265,35.01256823,0:09:20,560,138.47192,35.012471,171200
138.4722531,35.01259288,0:09:21,561,138.47225,35.012494,171170
138.4725768,35.0126189,0:09:22,562,138.47258,35.012517,171140
138.4729149,35.01263611,0:09:23,563,138.47291,35.012539,171110
138.4732484,35.01265191,0:09:24,564,138.47324,35.012562,171080
138.4735795,35.01267113,0:09:25,565,138.47356,35.012582,171050
138.4739096,35.01269449,0:09:26,566,138.47389,35.012607,171020
138.4742431,35.01271071,0:09:27,567,138.47422,35.012629,170990
138.4745704,35.01272767,0:09:28,568,138.47455,35.012654,170960
138.4748919,35.01274495,0:09:29,569,138.47489,35.012673,170930
138.4752077,35.01276461,0:09:30,570,138.47522,35.012705,170900
138.4755251,35.01278574,0:09:31,571,138.475545,35.012739,170870
138.4758384,35.01280584,0:09:32,572,138.47586,35.012782,170840
138.476152,35.01282934,0:09:33,573,138.476133,35.012825,170815
138.4764641,35.01285927,0:09:34,574,138.476448,35.012888,170785
138.476777,35.01289518,0:09:35,575,138.476765,35.012962,170755
138.4770906,35.01293738,0:09:36,576,138.47708,35.013038,170725
138.4773981,35.01299081,0:09:37,577,138.477393,35.013135,170695
138.4777056,35.01305183,0:09:38,578,138.47765,35.013219,170670
138.4780201,35.01311738,0:09:39,579,138.47795,35.01332,170640
138.4783292,35.0132058,0:09:40,580,138.478245,35.013444,170610
138.4786425,35.01330634,0:09:41,581,138.478588,35.013597,170575
138.4789619,35.01340802,0:09:42,582,138.478865,35.013734,170545
138.4792886,35.01352331,0:09:43,583,138.47919,35.013905,170510
138.4796057,35.01365228,0:09:44,584,138.47946,35.014056,170480
138.4799163,35.01379174,0:09:45,585,138.479783,35.014234,170445
138.4801684,35.01398693,0:09:46,586,138.480055,35.014386,170415
138.4803978,35.01419222,0:09:47,587,138.48028,35.014513,170390
138.4806215,35.01438269,0:09:48,588,138.48055,35.014665,170360
138.4808488,35.01456611,0:09:49,589,138.480775,35.014793,170335
138.4810726,35.01474317,0:09:50,590,138.481005,35.01492,170310
138.4812962,35.01490934,0:09:51,591,138.481235,35.015047,170285
138.4815208,35.01507163,0:09:52,592,138.481505,35.015201,170255
138.4817456,35.01522645,0:09:53,593,138.48173,35.015328,170230
138.4819673,35.01537038,0:09:54,594,138.481963,35.015456,170205
138.4821826,35.01550922,0:09:55,595,138.482145,35.015558,170185
138.4824052,35.01564201,0:09:56,596,138.48237,35.015684,170160
138.4826343,35.01577115,0:09:57,597,138.48264,35.015836,170130
138.4828718,35.01589907,0:09:58,598,138.482865,35.015963,170105
138.4831159,35.01602744,0:09:59,599,138.48309,35.01609,170080
138.4833582,35.01616223,0:10:00,600,138.483325,35.016217,170055
138.4836078,35.01629464,0:10:01,601,138.483595,35.016368,170025
138.4838462,35.01643654,0:10:02,602,138.48382,35.016496,170000
138.4840719,35.01657791,0:10:03,603,138.484055,35.016625,169975
138.4842827,35.01671476,0:10:04,604,138.48428,35.016754,169950
138.4844789,35.01685319,0:10:05,605,138.484465,35.016857,169930
138.4846769,35.01698316,0:10:06,606,138.484695,35.016985,169905
138.4848844,35.01711136,0:10:07,607,138.484875,35.017085,169885
138.485112,35.01724229,0:10:08,608,138.48511,35.017218,169860
138.4853478,35.01737526,0:10:09,609,138.485338,35.017347,169835
138.4855543,35.01749958,0:10:10,610,138.48557,35.017476,169810
138.4857692,35.01761845,0:10:11,611,138.485755,35.01758,169790
138.4859768,35.01773109,0:10:12,612,138.485985,35.01771,169765
138.486185,35.0178438,0:10:13,613,138.486173,35.017814,169745
138.4863831,35.01795416,0:10:14,614,138.48641,35.017944,169720
138.4865766,35.01805446,0:10:15,615,138.48659,35.018048,169700
138.4867674,35.01815434,0:10:16,616,138.48678,35.018152,169680
138.4869535,35.01825327,0:10:17,617,138.48696,35.018257,169660
138.48714,35.0183537,0:10:18,618,138.48714,35.018365,169640
138.4873258,35.01845696,0:10:19,619,138.48732,35.01848,169620
138.4875072,35.01856286,0:10:20,620,138.48749,35.018603,169600
138.4876813,35.01867699,0:10:21,621,138.48764,35.01872,169580
138.487854,35.01879842,0:10:22,622,138.487823,35.018894,169555
138.488026,35.01892874,0:10:24,624,138.487953,35.019033,169535
138.4881948,35.01906945,0:10:25,625,138.488115,35.019214,169510
138.4883589,35.01922057,0:10:25,625,138.488235,35.019365,169490
138.4885209,35.0193815,0:10:26,626,138.488373,35.019561,169465
138.4886787,35.01955432,0:10:27,627,138.48849,35.019765,169440
138.4888309,35.01973989,0:10:28,628,138.48857,35.019932,169420
138.4889799,35.0199348,0:10:29,629,138.488665,35.020147,169395
138.4891155,35.02013919,0:10:30,630,138.48874,35.020365,169370
138.4892453,35.02034773,0:10:31,631,138.48879,35.020543,169350
138.4893727,35.02056057,0:10:32,632,138.488825,35.020722,169330
138.4894795,35.02078715,0:10:33,633,138.488863,35.020948,169305
138.4895769,35.02101586,0:10:34,634,138.48889,35.021174,169280
138.489657,35.02123971,0:10:35,635,138.488898,35.02131,169265
138.489685,35.02145993,0:10:36,636,138.48893,35.021628,169230
138.4896768,35.02167119,0:10:37,637,138.48895,35.021809,169210
138.4896697,35.02187763,0:10:38,638,138.488975,35.022035,169185
138.4896761,35.02207811,0:10:39,639,138.488995,35.022217,169165
138.4896964,35.02226406,0:10:40,640,138.489015,35.022398,169145
138.4897042,35.0224354,0:10:41,641,138.489035,35.022579,169125
138.4897147,35.02259852,0:10:42,642,138.489043,35.022669,169115
138.4897194,35.02274811,0:10:43,643,138.48906,35.022896,169090
138.4897224,35.02288605,0:10:44,644,138.489075,35.023032,169075
138.4897272,35.02301865,0:10:45,645,138.489085,35.023123,169065
138.4897345,35.02314618,0:10:46,646,138.489093,35.023213,169055
138.4897447,35.02326909,0:10:47,647,138.489105,35.023395,169035
138.4897575,35.02338724,0:10:48,648,138.48912,35.023531,169020
138.489774,35.02350259,0:10:49,649,138.489123,35.023576,169015
138.4896747,35.02353498,0:10:50,650,138.489123,35.023576,169015
138.4895963,35.02358122,0:10:51,651,138.489125,35.023622,169010
138.4895451,35.02361948,0:10:52,652,138.489128,35.023667,169005
138.4895115,35.02365935,0:10:53,653,138.48913,35.023712,169000
138.4894136,35.02368851,0:10:54,654,138.48913,35.023712,169000
138.4892691,35.02371823,0:10:55,655,138.48913,35.023712,169000
138.4891269,35.02375651,0:10:56,656,138.48913,35.023757,168995
138.4890204,35.02378199,0:10:57,657,138.48913,35.023803,168990
138.488941,35.02372491,0:10:58,658,138.48913,35.023712,169000
138.4888809,35.02366759,0:10:59,659,138.489125,35.023622,169010
138.4888375,35.02361208,0:11:00,660,138.489123,35.023576,169015
138.4888081,35.02355986,0:11:02,662,138.489115,35.023486,169025
138.4887907,35.02350033,0:11:03,663,138.48911,35.02344,169030
138.4887295,35.02343698,0:11:19,679,138.4891,35.023349,169040
138.4886512,35.02339872,0:11:31,691,138.4891,35.023349,169040
138.4885763,35.02337442,0:11:33,693,138.4891,35.023349,169040
138.4885172,35.02335585,0:11:37,697,138.489098,35.023304,169045
138.4884746,35.02334063,0:11:44,704,138.489095,35.023259,169050
138.4884469,35.02332786,0:11:50,710,138.489095,35.023259,169050
138.4884484,35.0233393,0:11:57,717,138.489095,35.023259,169050
138.4885096,35.02348867,0:12:04,724,138.489105,35.023395,169035
138.4886269,35.02367717,0:12:05,725,138.489125,35.023622,169010
138.4886739,35.02359366,0:12:06,726,138.489115,35.023486,169025
138.4887425,35.02355331,0:12:07,727,138.489115,35.023486,169025
138.4888197,35.02380403,0:12:08,728,138.48913,35.023803,168990
138.4888894,35.02405671,0:12:09,729,138.48913,35.024073,168960
138.4889579,35.02430482,0:12:10,730,138.489133,35.024296,168935
138.4890184,35.02455256,0:12:11,731,138.48914,35.02457,168905
138.4890652,35.02479431,0:12:12,732,138.48915,35.024795,168880
138.4891042,35.02502107,0:12:13,733,138.489165,35.02502,168855
138.4891367,35.02525248,0:12:14,734,138.489185,35.025245,168830
138.4891559,35.02547831,0:12:15,735,138.489205,35.025466,168805
138.4891737,35.02570287,0:12:16,736,138.48923,35.025694,168780
138.4891876,35.02591557,0:12:17,737,138.489255,35.025919,168755
138.4892046,35.02612795,0:12:18,738,138.489275,35.026099,168735
138.4892441,35.02633727,0:12:19,739,138.489295,35.026324,168710
138.4892848,35.02654419,0:12:20,740,138.489315,35.026548,168685
138.4893223,35.02675429,0:12:21,741,138.48934,35.026772,168660
138.4893501,35.02696305,0:12:22,742,138.48936,35.026952,168640
138.4893786,35.02717284,0:12:23,743,138.489385,35.027176,168615
138.489404,35.02738422,0:12:24,744,138.48941,35.027402,168590
138.4894307,35.0275952,0:12:25,745,138.489425,35.027584,168570
138.4894552,35.02780379,0:12:26,746,138.489445,35.027811,168545
138.4894803,35.02801027,0:12:27,747,138.489473,35.027993,168525
138.489513,35.02822099,0:12:28,748,138.48951,35.028218,168500
138.4895437,35.02843439,0:12:29,749,138.48955,35.02844,168475
138.4895738,35.02864814,0:12:30,750,138.4896,35.02866,168450
138.4896062,35.02886045,0:12:31,751,138.489645,35.028835,168430
138.4896505,35.02907551,0:12:31,751,138.489715,35.029054,168405
138.4897182,35.02929527,0:12:32,752,138.48979,35.02927,168380
138.489788,35.02951654,0:12:33,753,138.48986,35.02944,168360
138.4898569,35.02973561,0:12:34,754,138.489948,35.029651,168335
138.4899305,35.02995143,0:12:35,755,138.49004,35.029858,168310
138.4900091,35.03017198,0:12:36,756,138.490148,35.030067,168285
138.4900917,35.03039688,0:12:37,757,138.490238,35.030233,168265
138.4901899,35.03061892,0:12:38,758,138.49036,35.030437,168240
138.4903007,35.03084296,0:12:39,759,138.490488,35.030632,168215
138.4904193,35.03106189,0:12:40,760,138.490625,35.030836,168190
138.4905444,35.03128146,0:12:41,761,138.490763,35.03103,168165
138.4906786,35.03150225,0:12:42,762,138.49088,35.031183,168145
138.4908306,35.0317241,0:12:43,763,138.49106,35.031411,168115
138.4909958,35.0319415,0:12:44,764,138.49121,35.031601,168090
138.4911667,35.03215493,0:12:45,765,138.49138,35.031828,168060
138.4913457,35.03236129,0:12:46,766,138.49156,35.032055,168030
138.491577,35.03256518,0:12:47,767,138.49177,35.032319,167995
138.4918053,35.03276652,0:12:48,768,138.49195,35.032548,167965
138.4920063,35.03297204,0:12:49,769,138.49213,35.032776,167935
138.4921997,35.03317999,0:12:50,770,138.49233,35.033043,167900
138.4923831,35.0333877,0:12:51,771,138.49248,35.033233,167875
138.492561,35.03359549,0:12:52,772,138.49266,35.033454,167845
138.492738,35.03380222,0:12:53,773,138.49284,35.03369,167815
138.4929111,35.03400658,0:12:54,774,138.49299,35.033879,167790
138.4930838,35.0342167,0:12:56,776,138.49317,35.0341,167760
138.4932546,35.03443079,0:12:57,777,138.49334,35.034328,167730
138.4934239,35.03463749,0:12:58,778,138.49349,35.034515,167705
138.4936002,35.03484855,0:12:59,779,138.49367,35.034742,167675
138.4937805,35.03506356,0:13:00,780,138.493858,35.034963,167645
138.4939708,35.0352789,0:13:01,781,138.49402,35.035158,167620
138.4941634,35.03549182,0:13:02,782,138.494215,35.035379,167590
138.494364,35.03570453,0:13:03,783,138.49442,35.035596,167560
138.4945636,35.03592195,0:13:04,784,138.49463,35.035804,167530
138.4947653,35.0361346,0:13:05,785,138.49485,35.036015,167500
138.4949782,35.03634406,0:13:06,786,138.49507,35.036217,167470
138.4951959,35.03654985,0:13:07,787,138.495253,35.036385,167445
138.4954152,35.03675839,0:13:08,788,138.495505,35.036618,167410
138.4956391,35.03696352,0:13:09,789,138.49573,35.036819,167380
138.4958672,35.03716594,0:13:10,790,138.495945,35.037019,167350
138.4961022,35.03737046,0:13:11,791,138.49616,35.037218,167320
138.4963455,35.03756421,0:13:12,792,138.496415,35.037453,167285
138.4966002,35.03775936,0:13:13,793,138.496638,35.037656,167255
138.4968501,35.03795578,0:13:14,794,138.4969,35.037894,167220
138.4970982,35.03815332,0:13:15,795,138.497115,35.038097,167190
138.4973428,35.03835235,0:13:15,795,138.497375,35.038331,167155
138.4975809,35.03855222,0:13:16,796,138.497593,35.038534,167125
138.4978172,35.03876303,0:13:17,797,138.497815,35.038734,167095
138.4980502,35.03897281,0:13:18,798,138.49807,35.038971,167060
138.4982794,35.03917938,0:13:19,799,138.498295,35.039174,167030
138.4985078,35.0393786,0:13:20,800,138.49851,35.03937,167000
138.4987055,35.03958269,0:13:21,801,138.498735,35.039577,166970
138.4989058,35.0398007,0:13:22,802,138.498915,35.039744,166945
138.4991162,35.04001846,0:13:23,803,138.499138,35.039946,166915
138.4993231,35.04023638,0:13:24,804,138.499355,35.040147,166885
138.4995342,35.04044814,0:13:25,805,138.499575,35.040349,166855
138.4997524,35.04066099,0:13:26,806,138.499793,35.040548,166825
138.4999759,35.04087094,0:13:27,807,138.500015,35.040752,166795
138.5002085,35.04110369,0:13:28,808,138.50027,35.04098,166760
138.5004406,35.04133426,0:13:29,809,138.500525,35.041222,166725
138.5006632,35.04155263,0:13:30,810,138.500748,35.041424,166695
138.5008771,35.04176575,0:13:31,811,138.500965,35.041626,166665
138.5010841,35.04197328,0:13:33,813,138.50115,35.041794,166640
138.5012944,35.04217067,0:13:33,813,138.50137,35.041995,166610
138.5015006,35.04236093,0:13:34,814,138.50159,35.042196,166580
138.5017129,35.0425372,0:13:35,815,138.50181,35.042398,166550
138.5019372,35.04272128,0:13:36,816,138.501993,35.042566,166525
138.50216,35.04290323,0:13:37,817,138.502215,35.042768,166495
138.5023804,35.04309109,0:13:38,818,138.502433,35.04297,166465
138.5026067,35.04328608,0:13:39,819,138.502655,35.043173,166435
138.5028242,35.04346848,0:13:40,820,138.502873,35.043374,166405
138.5030245,35.04363312,0:13:41,821,138.50306,35.043544,166380
138.5032078,35.04378363,0:13:42,822,138.503245,35.043713,166355
138.5033922,35.04394541,0:13:43,823,138.503425,35.043882,166330
138.5035693,35.04410312,0:13:44,824,138.503613,35.044051,166305
138.5037492,35.04426006,0:13:45,825,138.503763,35.044186,166285
138.5039143,35.04440193,0:13:46,826,138.50394,35.044355,166260
138.5040835,35.04454699,0:13:47,827,138.50409,35.044489,166240
138.504249,35.04469177,0:13:48,828,138.504278,35.044658,166215
138.5044107,35.04483716,0:13:49,829,138.504425,35.044792,166195
138.5045695,35.04498311,0:13:50,830,138.504605,35.044961,166170
138.5047267,35.04512257,0:13:51,831,138.504755,35.045096,166150
138.504884,35.04526216,0:13:52,832,138.5049,35.04523,166130
138.5050285,35.04540486,0:13:53,833,138.505045,35.045364,166110
138.5051676,35.04554701,0:13:54,834,138.505195,35.045497,166090
138.5053076,35.04568198,0:13:55,835,138.505345,35.045629,166070
138.5054588,35.04582183,0:13:56,836,138.505495,35.045756,166050
138.5056157,35.04596004,0:13:57,837,138.50565,35.04588,166030
138.5057824,35.0461014,0:13:58,838,138.505815,35.045998,166010
138.5059441,35.04623669,0:13:59,839,138.505985,35.046109,165990
138.5061075,35.04636434,0:14:00,840,138.50616,35.046212,165970
138.5062728,35.04649345,0:14:01,841,138.506345,35.046309,165950
138.5064565,35.04659036,0:14:02,842,138.506488,35.046376,165935
138.5066626,35.04668252,0:14:03,843,138.50673,35.046478,165910
138.506871,35.04676683,0:14:04,844,138.50693,35.046551,165890
138.507084,35.04684085,0:14:05,845,138.507135,35.046616,165870
138.507305,35.04691191,0:14:06,846,138.507345,35.046674,165850
138.5075258,35.04697314,0:14:07,847,138.507555,35.046721,165830
138.5077502,35.04702362,0:14:08,848,138.50777,35.04676,165810
138.5079842,35.04706462,0:14:09,849,138.50799,35.046791,165790
138.5082172,35.04709707,0:14:10,850,138.508258,35.046822,165765
138.5084479,35.04712226,0:14:11,851,138.508475,35.046843,165745
138.5086745,35.04714395,0:14:12,852,138.508695,35.046857,165725
138.5089001,35.04715903,0:14:13,853,138.508915,35.04688,165705
138.5091194,35.04717427,0:14:14,854,138.509135,35.0469,165685
138.5093344,35.04718591,0:14:15,855,138.509355,35.046919,165665
138.5095436,35.04719572,0:14:16,856,138.509568,35.046938,165645
138.5097544,35.04720053,0:14:17,857,138.509785,35.046956,165625
138.5099671,35.04720308,0:14:18,858,138.510005,35.046975,165605
138.5101866,35.04720028,0:14:19,859,138.51017,35.04699,165590
138.5104087,35.04719269,0:14:20,860,138.510445,35.047014,165565
138.5106283,35.0471847,0:14:21,861,138.51061,35.047024,165550
138.5108457,35.04717659,0:14:22,862,138.510878,35.047049,165525
138.5110593,35.04717363,0:14:23,863,138.51104,35.047063,165510
138.5112734,35.04717396,0:14:24,864,138.51126,35.047079,165490
138.5114915,35.04717777,0:14:25,865,138.51148,35.047094,165470
138.5117058,35.0471868,0:14:26,866,138.5117,35.047107,165450
138.5119214,35.04719357,0:14:27,867,138.51192,35.047119,165430
138.5121417,35.04719828,0:14:28,868,138.51214,35.047131,165410
138.5123577,35.04720381,0:14:29,869,138.51236,35.047143,165390
138.5125743,35.04720769,0:14:30,870,138.51258,35.047154,165370
138.5127866,35.04721197,0:14:31,871,138.512795,35.047167,165350
138.5129973,35.04721918,0:14:32,872,138.51301,35.04718,165330
138.5132098,35.04722637,0:14:33,873,138.51323,35.047196,165310
138.5134179,35.04723474,0:14:34,874,138.513395,35.047211,165295
138.51362,35.04724579,0:14:35,875,138.513613,35.047239,165275
138.5138226,35.04725748,0:14:36,876,138.513823,35.047275,165255
138.5140289,35.04727248,0:14:37,877,138.514033,35.04732,165235
138.5142316,35.04729204,0:14:38,878,138.514243,35.047372,165215
138.5144246,35.04731995,0:14:39,879,138.5144,35.047418,165200
138.5146109,35.04735261,0:14:40,880,138.5146,35.047486,165180
138.5147988,35.04739542,0:14:41,881,138.51475,35.047544,165165
138.5149827,35.04744691,0:14:42,882,138.514943,35.047628,165145
138.5151668,35.04750548,0:14:43,883,138.515133,35.047719,165125
138.5153518,35.0475772,0:14:44,884,138.51527,35.047793,165110
138.5155322,35.04766157,0:14:45,885,138.51545,35.047897,165090
138.5157123,35.04775729,0:14:46,886,138.515625,35.048008,165070
138.5158861,35.04786328,0:14:47,887,138.515795,35.048123,165050
138.5160547,35.04797609,0:14:48,888,138.51596,35.048241,165030
138.5162146,35.0480971,0:14:49,889,138.516125,35.048361,165010
138.5163692,35.04822834,0:14:50,890,138.51625,35.048451,164995
138.5165137,35.04836663,0:14:51,891,138.516413,35.04857,164975
138.5166535,35.04851062,0:14:52,892,138.51658,35.048689,164955
138.5167918,35.04864688,0:14:53,893,138.51674,35.048808,164935
138.5169257,35.04878183,0:14:54,894,138.51686,35.048897,164920
138.5170555,35.04891629,0:14:55,895,138.51703,35.049018,164900
138.5171898,35.04904411,0:14:56,896,138.51715,35.049102,164885
138.5173222,35.04916712,0:14:57,897,138.517318,35.049226,164865
138.5174514,35.04928463,0:14:58,898,138.51744,35.049318,164850
138.5175795,35.04939834,0:14:59,899,138.517563,35.049407,164835
138.5177109,35.04950538,0:15:00,900,138.51769,35.049497,164820
138.5178351,35.04960905,0:15:01,901,138.51785,35.049617,164800
138.5179508,35.04970795,0:15:02,902,138.51797,35.049702,164785
138.5180665,35.04980581,0:15:03,903,138.518095,35.049794,164770
138.5181796,35.04989733,0:15:04,904,138.51818,35.049857,164760
138.5182873,35.04998181,0:15:05,905,138.5183,35.049947,164745
138.5183967,35.05006333,0:15:06,906,138.518425,35.050037,164730
138.5185036,35.05014212,0:15:07,907,138.51851,35.050097,164720
138.5186125,35.05021781,0:15:08,908,138.51863,35.050187,164705
138.5187181,35.0502873,0:15:09,909,138.518713,35.050245,164695
138.5188254,35.05035531,0:15:10,910,138.51884,35.05033,164680
138.5189224,35.05042102,0:15:11,911,138.51892,35.050393,164670
138.5190138,35.05048504,0:15:12,912,138.519,35.050456,164660
138.5190976,35.05054881,0:15:13,913,138.51912,35.050546,164645
138.5191756,35.05061229,0:15:14,914,138.519203,35.050605,164635
138.519248,35.05067042,0:15:15,915,138.519245,35.050633,164630
138.5193158,35.05072634,0:15:16,916,138.51933,35.05069,164620
138.5193796,35.05078219,0:15:17,917,138.51941,35.050753,164610
138.5194428,35.05083451,0:15:18,918,138.51945,35.050784,164605
138.5195051,35.05088439,0:15:19,919,138.519533,35.050845,164595
138.5195663,35.05093125,0:15:20,920,138.519575,35.050875,164590
138.5196273,35.05097874,0:15:22,922,138.51966,35.050935,164580
138.5196849,35.05102727,0:15:23,923,138.5197,35.050965,164575
138.5197433,35.05107606,0:15:24,924,138.51978,35.051025,164565
138.5198014,35.05112487,0:15:25,925,138.51982,35.051055,164560
138.5198658,35.0511733,0:15:26,926,138.519905,35.051115,164550
138.5199294,35.0512204,0:15:27,927,138.519948,35.051145,164545
138.5199961,35.05126704,0:15:28,928,138.52003,35.051204,164535
138.5200621,35.05131168,0:15:29,929,138.52007,35.051233,164530
138.5201288,35.05135729,0:15:30,930,138.52015,35.05129,164520
138.5201943,35.05140407,0:15:31,931,138.52023,35.05135,164510
138.5202572,35.05145189,0:15:32,932,138.52027,35.05138,164505
138.5203221,35.05150232,0:15:33,933,138.520353,35.051441,164495
138.5203849,35.05155429,0:15:34,934,138.520395,35.051472,164490
138.5204483,35.05160565,0:15:35,935,138.52048,35.051534,164480
138.5205142,35.05165557,0:15:36,936,138.52056,35.051594,164470
138.5205792,35.05170444,0:15:37,937,138.5206,35.051624,164465
138.52065,35.05175284,0:15:38,938,138.520683,35.051684,164455
138.5207202,35.05180269,0:15:39,939,138.520768,35.051744,164445
138.5207907,35.05184957,0:15:40,940,138.52081,35.051774,164440
138.5208592,35.051896,0:15:41,941,138.52089,35.051834,164430
138.5209273,35.0519447,0:15:42,942,138.52097,35.051893,164420
138.5209971,35.05199317,0:15:43,943,138.521013,35.051923,164415
138.5210642,35.05204145,0:15:44,944,138.521098,35.051983,164405
138.5211313,35.05209549,0:15:45,945,138.52114,35.052013,164400
138.5211992,35.05215071,0:15:46,946,138.52122,35.052073,164390
138.521266,35.05220662,0:15:47,947,138.5213,35.052133,164380
138.5213318,35.05225903,0:15:48,948,138.52138,35.052193,164370
138.5213924,35.05231095,0:15:49,949,138.52142,35.052223,164365
138.5214526,35.05235795,0:15:50,950,138.521503,35.052283,164355
138.5215169,35.05240597,0:15:51,951,138.521545,35.052313,164350
138.5215858,35.05245078,0:15:52,952,138.52163,35.052373,164340
138.5216514,35.05249432,0:15:53,953,138.52167,35.052403,164335
138.5217176,35.05253743,0:15:54,954,138.52175,35.052463,164325
138.5217861,35.05257935,0:15:55,955,138.521833,35.052523,164315
138.5218563,35.05262026,0:15:56,956,138.521875,35.052553,164310
138.5219261,35.05266067,0:15:57,957,138.52196,35.052612,164300
138.5219923,35.05270022,0:15:58,958,138.522,35.052642,164295
138.5220579,35.05273801,0:15:59,959,138.52208,35.052702,164285
138.52212,35.05277204,0:16:00,960,138.52212,35.052732,164280
138.5221713,35.05281014,0:16:01,961,138.522205,35.052792,164270
138.5222201,35.05284268,0:16:02,962,138.522248,35.052821,164265
138.5222706,35.05287039,0:16:03,963,138.52229,35.052851,164260
138.5223169,35.05289536,0:16:04,964,138.52233,35.052881,164255
138.5223544,35.05291975,0:16:05,965,138.52237,35.052911,164250
138.5223837,35.05293697,0:16:06,966,138.52237,35.052911,164250
138.5224058,35.05295164,0:16:07,967,138.52241,35.05294,164245
138.5224218,35.05296525,0:16:08,968,138.52241,35.05294,164245
138.5224376,35.05296382,0:16:09,969,138.52245,35.05297,164240
138.5224513,35.05296425,0:16:10,970,138.52245,35.05297,164240
138.52246,35.05296211,0:16:11,971,138.52245,35.05297,164240
